Rank,Team,Player,"Fantasy Position",Games,ADP,Bye,SOS,InjuryRisk,"Floor Proj","Consensus Proj","DS Proj",CeilingProj,"3D Value"
1,PHI,"Saquon Barkley",RB,17,,9,-2.8%,58%,246.5,284,301,345.7,100
2,CIN,"Ja'Marr Chase",WR,17,,10,0.4%,75%,237.8,271,287,329.5,98.7
3,ATL,"Bijan Robinson",RB,17,,5,5.6%,42%,253.6,283,298,340.1,98.6
4,DET,"Jahmyr Gibbs",RB,17,,8,-6.6%,63%,230.8,271,275,340.8,88
5,SF,"Christian McCaffrey",RB,17,,14,4.4%,64%,202.3,259,289,338.1,87.7
6,DAL,"CeeDee Lamb",WR,17,,10,-3.2%,50%,224.3,243,270,310.8,85.9
7,MIN,"Justin Jefferson",WR,17,,6,-0.6%,67%,224.4,250,261,318.3,85.1
8,BAL,"Derrick Henry",RB,17,,7,-4.3%,29%,231.5,261,276,322.4,84.5
9,LVR,"Ashton Jeanty",RB,17,,8,-1.8%,0%,225.4,247,262,330.2,79.1
10,LAR,"Puka Nacua",WR,17,,8,0.4%,68%,207.1,228,259,308,78.7
11,IND,"Jonathan Taylor",RB,17,,11,0.8%,65%,225.8,246,254,335,77.4
12,HOU,"Nico Collins",WR,17,,6,0.3%,82%,208,234,254,299.3,76.6
13,NYG,"Malik Nabers",WR,17,,14,-2.7%,29%,206.9,233,249,309.1,76.1
14,JAC,"Brian Thomas Jr.",WR,17,,8,-1.2%,30%,206.1,221,248,300.5,73.1
15,MIA,"De'Von Achane",RB,17,,12,2.8%,83%,204.4,241,259,287.2,68.7
16,PHI,"A.J. Brown",WR,17,,9,1.1%,71%,207.4,218,236,285.2,67
17,ATL,"Drake London",WR,17,,5,1.4%,87%,206,217,234,273.9,64.2
18,DET,"Amon-Ra St. Brown",WR,17,,8,1%,40%,208.6,220,224,289.3,64
19,GB,"Josh Jacobs",RB,17,,5,-0.4%,80%,207.7,243,242,282.6,63.2
20,CIN,"Chase Brown",RB,17,,10,-0.7%,24%,199.9,217,238,299.8,61
21,LAR,"Kyren Williams",RB,17,,8,2.6%,89%,204.5,232,238,285.3,60.9
22,CIN,"Tee Higgins",WR,17,,10,0.4%,89%,189.8,210,231,263.8,59.1
23,TB,"Bucky Irving",RB,17,,9,2.1%,29%,195.1,235,241,269.8,58.7
24,BAL,"Lamar Jackson",QB,17,,7,-3.5%,43%,338.9,365,381,415.1,55.6
25,LAC,"Omarion Hampton",RB,17,,12,-3.4%,0%,176.9,198,227,310.8,55
26,LVR,"Brock Bowers",TE,17,,8,-6.5%,29%,175.8,195,217,236.5,54.8
27,WAS,"Jayden Daniels",QB,17,,12,-2.3%,28%,332.9,361,383,413.2,54.3
28,BUF,"Josh Allen",QB,17,,7,-0.1%,12%,337.2,365,375,419.6,53.4
29,SEA,"Kenneth Walker III",RB,17,,8,3.4%,42%,192,202,231,279.9,53.2
30,BUF,"James Cook",RB,17,,7,-1.9%,32%,196.1,213,231,265.4,52.7
31,PHI,"Jalen Hurts",QB,17,,9,-0.5%,56%,332.9,356,378,412.3,51.2
32,NO,"Alvin Kamara",RB,17,,11,6.9%,88%,177.7,206,234,261.9,50.4
33,LAC,"Ladd McConkey",WR,17,,12,-0.8%,55%,181.1,205,206,265.4,50.3
34,ARI,"Trey McBride",TE,17,,8,4.9%,47%,164,190,200,213.9,50
35,TB,"Mike Evans",WR,17,,9,0.7%,82%,178.7,197,215,243.2,48.4
36,MIA,"Tyreek Hill",WR,17,,12,2.9%,59%,163.1,201,206,268.4,48.3
37,CAR,"Chuba Hubbard",RB,17,,14,3.4%,30%,175.8,203,223,258.1,45.9
38,SF,"George Kittle",TE,17,,14,3.6%,81%,159.8,188,188,229.3,45.8
39,ARI,"James Conner",RB,17,,8,4.7%,88%,168.7,197,238,266,45.4
40,NYJ,"Breece Hall",RB,17,,9,5%,48%,185,194,210,273.3,44.1
41,LAR,"Davante Adams",WR,17,,8,0.4%,44%,166.8,202,203,244,44
42,ARI,"Marvin Harrison Jr.",WR,17,,8,0.9%,43%,161.8,194,186,238.1,40.7
43,PIT,"D.K. Metcalf",WR,17,,5,1.9%,31%,167.3,189,197,232.2,39.1
44,NYJ,"Garrett Wilson",WR,17,,9,3%,38%,169.6,182,191,245.8,39
45,CHI,"D.J. Moore",WR,17,,5,0.5%,45%,166.4,183,189,238.3,38.6
46,SEA,"Jaxon Smith-Njigba",WR,17,,8,1.5%,40%,176.6,186,194,230.9,38.6
47,WAS,"Terry McLaurin",WR,17,,12,-0.2%,43%,165,189,196,231.7,38.3
48,CAR,"Tetairoa McMillan",WR,17,,14,2%,0%,158.2,171,195,248,38
49,KC,"Xavier Worthy",WR,17,,10,0.6%,37%,162.2,176,191,248,37.8
50,MIA,"Jaylen Waddle",WR,17,,12,2.9%,55%,157.6,165,195,237.4,35.9
51,PHI,"DeVonta Smith",WR,17,,9,1.1%,82%,165,180,188,234.4,35.6
52,DET,"Jameson Williams",WR,17,,8,1%,43%,158.3,165,189,243.2,35
53,DEN,"Courtland Sutton",WR,17,,12,-1.3%,70%,169.7,180,193,216,34.6
54,CIN,"Joe Burrow",QB,17,,10,-4.8%,63%,314.8,340,366,380.7,33.9
55,DAL,"George Pickens",WR,17,,10,-3.2%,35%,157.9,169,188,236.9,33.9
56,BAL,"Zay Flowers",WR,17,,7,1.2%,36%,168.7,170,192,212.8,32.7
57,DET,"Sam LaPorta",TE,17,,8,2.9%,54%,143.3,148,157,207.8,32.2
58,DET,"David Montgomery",RB,17,,8,-6.6%,81%,161.3,176,199,239,30.9
59,NE,"TreVeyon Henderson",RB,17,,14,3.7%,0%,144.8,176,191,245.8,29.5
60,KC,"Isiah Pacheco",RB,17,,10,-1%,90%,139.5,164,197,243.7,29.4
61,JAC,"Travis Hunter",WR,17,,8,-1.2%,0%,131,155,177,253.2,29.4
62,TEN,"Calvin Ridley",WR,17,,10,1.2%,29%,149.2,167,187,210.7,29.3
63,KC,"Rashee Rice",WR,11,,10,0.6%,37%,115.6,180,181,225.7,28.1
64,WAS,"Deebo Samuel",WR,17,,12,-0.2%,87%,148.2,158,183,210.4,27.6
65,TEN,"Tony Pollard",RB,17,,10,-0.4%,35%,142.3,176,185,232.8,27.4
66,KC,"Travis Kelce",TE,17,,10,-8.1%,36%,119.8,141,156,182,27.3
67,DEN,"RJ Harvey",RB,17,,12,-3%,0%,139.5,164,184,242.3,27.3
68,SF,"Ricky Pearsall",WR,17,,14,1.1%,0%,140.3,147,171,243,27.1
69,IND,"Zaire Franklin",LB,17,,11,9.6%,0%,120.2,154,154,184.9,26.9
70,CHI,"D'Andre Swift",RB,17,,5,-3.4%,67%,130.9,174,184,236,26.7
71,NO,"Chris Olave",WR,17,,11,-1%,69%,135.5,155,176,225.2,26.5
72,BAL,"Mark Andrews",TE,17,,7,4.6%,61%,128.4,134,146,191.1,26.2
73,MIN,"Aaron Jones",RB,17,,6,-3.5%,88%,142.8,165,181,231.3,26.2
74,CHI,"Rome Odunze",WR,17,,5,0.5%,61%,150.1,151,163,239.8,26
75,MIN,"T.J. Hockenson",TE,17,,6,-5.3%,40%,130.6,138,145,185.7,25.8
76,CLE,"David Njoku",TE,17,,9,2.3%,51%,121.5,140,146,177.1,25.7
77,DET,"Brian Branch",DB,17,,8,-5.4%,0%,101.6,96,135,169.4,25.2
78,LVR,"Jakobi Meyers",WR,17,,8,-0.8%,67%,151.5,162,178,190.7,24.8
79,CLE,"Jerry Jeudy",WR,17,,9,-2.2%,45%,146.9,170,165,209.6,24.3
80,MIN,"Jordan Addison",WR,14,,6,-0.6%,70%,142.1,155,169,214.8,24.3
81,TB,"Emeka Egbuka",WR,17,,9,0.7%,0%,143.7,139,160,234.7,23.5
82,GB,"Jayden Reed",WR,17,,5,-0.7%,83%,144.4,137,172,209.7,23.3
83,TB,"Antoine Winfield Jr.",DB,17,,9,-2.2%,0%,96.1,125,128,171.8,22.7
84,BAL,"Roquan Smith",LB,17,,7,4.4%,20%,122.5,157,146,175,22.4
85,ARI,"Budda Baker",DB,17,,8,8.2%,38%,99.1,120,130,163,22.2
86,DAL,"Micah Parsons",DL,17,,10,-11%,0%,88.1,109,104,129.6,21.7
87,SF,"Jauan Jennings",WR,17,,14,1.1%,14%,133.6,154,157,220,21.5
88,PIT,"Kaleb Johnson",RB,17,,5,-1.3%,0%,114.2,158,156,230,20.9
89,NE,"Stefon Diggs",WR,17,,14,1.1%,32%,131.1,147,160,211,20.6
90,BUF,"Khalil Shakir",WR,17,,7,1.1%,30%,142.3,147,167,189.2,20.4
91,GB,"Matthew Golden",WR,17,,5,-0.7%,0%,126.4,150,149,229,20.1
92,NYG,"Tyrone Tracy Jr.",RB,17,,14,-4.6%,0%,113.1,152,169,202.5,20
93,HOU,"Joe Mixon",RB,12,,6,2.3%,68%,83.6,158,149,192.6,19.9
94,GB,"Tucker Kraft",TE,17,,5,-4.1%,26%,112.7,125,136,171,19.1
95,BUF,"Keon Coleman",WR,17,,7,1.1%,38%,122.9,143,152,218.4,18.8
96,BUF,"Dalton Kincaid",TE,17,,7,4.6%,52%,106.2,113,134,173.4,18.7
97,KC,"Patrick Mahomes",QB,17,,10,1.1%,11%,287.8,319,331,363.9,18.7
98,PIT,"Jaylen Warren",RB,17,,5,-1.3%,49%,121.7,150,160,187.4,18.6
99,IND,"Tyler Warren",TE,17,,11,0.4%,0%,103,122,130,178.7,18.5
100,DET,"Aidan Hutchinson",DL,17,,8,-5.4%,0%,83.3,95,99,124,18.2
101,MIN,"Jordan Mason",RB,17,,6,-3.5%,14%,127.3,126,150,223.1,18
102,LAC,"Daiyan Henley",LB,17,,12,11.4%,0%,110.9,83,139,173.3,18
103,CHI,"Kevin Byard",DB,17,,5,-1.5%,0%,90.9,115,126,151.6,18
104,IND,"Josh Downs",WR,17,,11,-0.9%,58%,132.4,140,152,205.4,17.7
105,BAL,"Kyle Hamilton",DB,17,,7,4.4%,75%,95.7,119,120,155.6,17.4
106,PHI,"Zack Baun",LB,17,,9,-6.1%,0%,109.3,84,137,175,17.4
107,HOU,"Will Anderson Jr.",DL,17,,6,-3.4%,0%,78.1,88,98,123,17.2
108,PHI,"Dallas Goedert",TE,17,,9,-4.5%,76%,111.7,118,130,157.2,16.9
109,IND,"Nick Cross",DB,17,,11,9.6%,0%,99,67,118,153.2,16.6
110,DEN,"Evan Engram",TE,17,,12,1.9%,33%,101.2,119,130,163.4,16.4
111,LAC,"Derwin James",DB,17,,12,11.4%,66%,88.2,131,116,162.6,16.3
112,DAL,"Jake Ferguson",TE,17,,10,-6.4%,41%,104.7,119,134,146.4,16.2
113,IND,"Michael Pittman Jr.",WR,17,,11,-0.9%,70%,131.9,148,145,197.1,15.9
114,GB,"Edgerrin Cooper",LB,17,,5,-4.4%,0%,107.2,70,134,174.1,15.7
115,ATL,"Darnell Mooney",WR,17,,5,1.4%,85%,131.9,136,150,191.9,15.6
116,NO,"Rashid Shaheed",WR,17,,11,-1%,66%,129.4,139,145,196.3,14.9
117,DEN,"J.K. Dobbins",RB,17,,12,-3%,24%,107.8,134,144,196.9,14.5
118,MIN,"Andrew Van Ginkel",DL,17,,6,-3.3%,0%,73.1,74,97,113,14.3
119,TB,"Chris Godwin",WR,13,,9,0.7%,74%,103,157,147,191.3,14.2
120,JAC,"Travis Etienne",RB,17,,8,0.6%,40%,103.7,126,144,193,13.6
121,CHI,"Colston Loveland",TE,17,,5,-1%,0%,92,104,115,177.1,13.5
122,DEN,"Bo Nix",QB,17,,12,1.6%,21%,276.6,307,322,350.6,13.2
123,CHI,"Jaquan Brisker",DB,17,,5,-1.5%,0%,79.6,115,114,153.6,13.2
124,TB,"Baker Mayfield",QB,17,,9,1.3%,27%,276.2,316,314,354.6,12.7
125,CLE,"Myles Garrett",DL,17,,9,-7.3%,0%,73.8,103,90,117.1,12.7
126,ARI,"Kyler Murray",QB,17,,8,6.7%,33%,276.9,307,311,354.6,12.6
127,LVR,"Maxx Crosby",DL,17,,8,10.4%,0%,69.7,118,89,120.7,12.4
128,NE,"Robert Spillane",LB,17,,14,6.7%,0%,100.9,132,134,161.4,12.4
129,NYJ,"Justin Fields",QB,17,,9,3.2%,87%,263.1,300,317,364.5,12.3
130,CLE,"Quinshon Judkins",RB,17,,9,0.1%,0%,71.3,123,137,212.7,12.2
131,WAS,"Zach Ertz",TE,17,,12,-6.2%,84%,92.4,112,120,146.4,11.9
132,SEA,"Cooper Kupp",WR,17,,8,1.5%,54%,119.7,138,134,197.7,11.8
133,KC,"Marquise Brown",WR,17,,10,0.6%,78%,117.4,120,143,191.8,11.8
134,LAR,"Jared Verse",DL,17,,8,-0.6%,0%,75.5,91,88,114.2,11.8
135,ATL,"Kyle Pitts",TE,17,,5,5.4%,62%,92.9,110,111,162.6,11.7
136,CAR,"Derrick Brown",DL,17,,14,0.7%,0%,69.9,90,93,108.1,11.7
137,DEN,"Brandon Jones",DB,17,,12,7.7%,36%,82.9,118,109,152.8,11.6
138,LAR,"Kamren Kinchens",DB,17,,8,-0.6%,0%,79.1,50,113,147,11.6
139,BAL,"Isaiah Likely",TE,16,,7,4.6%,26%,90.4,98,112,168.5,11.5
140,TEN,"Tyjae Spears",RB,16,,10,-0.4%,29%,106.5,118,133,190.3,11.4
141,WAS,"Austin Ekeler",RB,17,,12,-3.9%,36%,97.5,123,143,172.1,11.3
142,HOU,"Christian Kirk",WR,17,,6,0.3%,86%,121.6,119,145,179.6,11.2
143,JAC,"Tank Bigsby",RB,17,,8,0.6%,15%,96.9,112,128,206.6,11.2
144,CIN,"Logan Wilson",LB,17,,10,-11.8%,29%,105.7,129,129,161.1,11.2
145,ATL,"Kaden Elliss",LB,17,,5,-2.4%,0%,107,107,129,159.8,11.1
146,NE,"Rhamondre Stevenson",RB,17,,14,3.7%,56%,111.3,120,128,189.4,11
147,CLE,"Carson Schwesinger",LB,17,,9,-7.3%,0%,104,,127,164.9,11
148,NE,"Hunter Henry",TE,17,,14,1.6%,40%,98.7,106,113,150.9,10.8
149,SF,"Brandon Aiyuk",WR,11,,14,1.1%,45%,96,131,143,190.5,10.8
150,MIA,"Jordyn Brooks",LB,17,,12,-7.1%,0%,111.2,137,131,150.4,10.7
151,NYG,"Tyler Nubin",DB,17,,14,-8.3%,0%,83.7,81,112,139.5,10.6
152,CIN,"Trey Hendrickson",DL,17,,10,-11.8%,0%,69.5,79,91,105.2,10.4
153,SF,"Nick Bosa",DL,17,,14,15.5%,0%,73.4,97,87,110.1,10.3
154,CHI,"Caleb Williams",QB,17,,5,-4.1%,26%,268,290,315,353.1,10.2
155,SF,"Fred Warner",LB,17,,14,15.5%,0%,106.6,149,125,163.1,10
156,CLE,"Grant Delpit",DB,17,,9,-7.3%,19%,83,109,111,138.3,10
157,TEN,"Jeffery Simmons",DL,17,,10,10%,0%,69.7,73,89,107.2,10
158,LVR,"Jeremy Chinn",DB,17,,8,10.4%,29%,83.1,100,111,138.6,10
159,PIT,"T.J. Watt",DL,16,,5,3.5%,0%,69.7,118,92,113.8,9.8
160,IND,"DeForest Buckner",DL,17,,11,9.6%,0%,64.5,95,90,105.7,9.8
161,PIT,"Jonnu Smith",TE,17,,5,3%,60%,89.2,99,108,155.9,9.3
162,TEN,"Chigoziem Okonkwo",TE,17,,10,4.1%,29%,89.3,103,114,141.9,9.2
163,BUF,"Terrel Bernard",LB,17,,7,9%,0%,101.8,148,121,169.6,9.2
164,HOU,"Jayden Higgins",WR,17,,6,0.3%,0%,106,121,133,193.5,9.1
165,SEA,"Ernest Jones",LB,17,,8,-0.5%,0%,100.7,139,121,169.9,9
166,TB,"Cade Otton",TE,17,,9,-2.6%,30%,93.7,99,114,138.3,8.9
167,MIN,"Jonathan Greenard",DL,17,,6,-3.3%,0%,63,86,88,105.1,8.8
168,CIN,"Mike Gesicki",TE,17,,10,0.5%,23%,88.2,97,109,150.3,8.7
169,SF,"Brock Purdy",QB,17,,14,4.3%,25%,275.4,302,306,345.8,8.5
170,ATL,"Jessie Bates",DB,17,,5,-2.4%,0%,80.9,121,101,151.7,8.5
171,SEA,"Julian Love",DB,17,,8,-0.5%,0%,88.4,131,104,140.5,8.5
172,CAR,"Demani Richardson",DB,17,,14,0.7%,0%,76.6,,109,136.9,8
173,PIT,"DeShon Elliott",DB,17,,5,3.5%,0%,79.2,4,108,136.7,7.9
174,LVR,"Germaine Pratt",LB,17,,8,10.4%,0%,93.5,122,117,175.3,7.8
175,DAL,"Brandon Aubrey",K,17,,10,-4.2%,0%,144.1,159,168,177.7,7.7
176,DAL,"Dak Prescott",QB,17,,10,-5%,26%,272.3,290,306,345.8,7.4
177,DEN,"Riley Moss",DB,17,,12,7.7%,0%,76.9,5,107,136.7,7.4
178,WAS,"Jacory Croskey-Merritt",RB,17,,12,-3.9%,0%,86.3,98,118,206.9,7.4
179,SEA,"Nick Emmanwori",DB,17,,8,-0.5%,0%,68.5,,102,153.3,7.4
180,NE,"Drake Maye",QB,17,,14,1.5%,20%,268.9,288,302,353.5,7.2
181,JAC,"Brenton Strange",TE,17,,8,3.7%,20%,87.9,99,101,150.5,7.1
182,LAC,"Justin Herbert",QB,17,,12,-0.7%,69%,268,285,308,345,7
183,SEA,"Zach Charbonnet",RB,17,,8,3.4%,64%,99.1,115,115,175.2,7
184,DAL,"Javonte Williams",RB,17,,10,-3.2%,80%,72.6,107,121,186.4,7
185,NYG,"Brian Burns",DL,16,,14,-8.3%,0%,70.3,81,88,105.5,7
186,LAC,"Keenan Allen",WR,17,,12,-0.8%,75%,97.2,124,126,191.9,6.9
187,HOU,"Danielle Hunter",DL,17,,6,-3.4%,0%,70.8,103,80,104.5,6.5
188,NYJ,"Jamien Sherwood",LB,17,,9,6.5%,0%,99.9,,119,160.5,6.5
189,WAS,"Bobby Wagner",LB,16,,12,5.7%,18%,103.6,149,122,151.1,6.3
190,CHI,"Montez Sweat",DL,17,,5,-1.5%,0%,66.3,83,83,99.4,6.2
191,BUF,"Buffalo Bills",DEF,17,,7,9%,0%,103.9,112,118,131.1,6.2
192,GB,"Romeo Doubs",WR,17,,5,-0.7%,43%,111,111,135,166.5,6.1
193,TB,"Lavonte David",LB,17,,9,-2.2%,0%,100.2,130,122,152.8,6
194,DEN,"Denver Broncos",DEF,17,,12,7.7%,0%,104.8,113,114,135.5,6
195,NO,"Juwan Johnson",TE,17,,11,0.7%,39%,87.6,92,100,145.4,5.9
196,BUF,"Gregory Rousseau",DL,17,,7,9%,0%,64.1,70,82,101.8,5.9
197,JAC,"Trevor Lawrence",QB,17,,8,3%,38%,270.5,273,304,346.5,5.7
198,JAC,"Josh Hines-Allen",DL,17,,8,4.6%,13%,64.1,101,80,104.9,5.6
199,LAR,"Quentin Lake",DB,17,,8,-0.6%,0%,78.7,81,105,131.1,5.5
200,NE,"Kyle Dugger",DB,17,,14,6.7%,0%,78.5,115,105,130.9,5.5
201,CHI,"T.J. Edwards",LB,17,,5,-1.5%,0%,97.8,148,122,152.9,5.5
202,HOU,"Dalton Schultz",TE,17,,6,2.3%,36%,84.6,95,103,134.2,5.3
203,BAL,"Baltimore Ravens",DEF,17,,7,4.4%,0%,102.9,109,113,133.5,5.2
204,DEN,"Marvin Mims Jr.",WR,17,,12,-1.3%,23%,92.9,119,129,175.5,5.1
205,PIT,"Pat Freiermuth",TE,17,,5,3%,88%,84.6,90,98,146.7,5.1
206,DAL,"Dallas Cowboys",DEF,17,,10,-11%,0%,101.8,110,113,130.1,5.1
207,GB,"Jordan Love",QB,17,,5,-3.1%,20%,266.6,279,303,342.3,5
208,NYG,"Cameron Skattebo",RB,17,,14,-4.6%,0%,72.4,103,119,166.3,5
209,LAC,"Cameron Dicker",K,17,,12,-0.9%,0%,139.4,158,162,173.4,5
210,CLE,"Cedric Tillman",WR,17,,9,-2.2%,36%,92.6,122,119,191.2,4.9
211,MIA,"Darren Waller",TE,17,,12,2.4%,82%,60.9,97,97,154.8,4.7
212,HOU,"Houston Texans",DEF,17,,6,-3.4%,0%,101.7,109,112,129.7,4.6
213,BAL,"Rashod Bateman",WR,17,,7,1.2%,65%,107.7,119,122,173.7,4.4
214,NYJ,"Braelon Allen",RB,17,,9,5%,35%,90,85,101,195.1,4.4
215,DET,"Jared Goff",QB,17,,8,-4.1%,20%,271.9,279,299,340.7,4.3
216,TB,"Rachaad White",RB,17,,9,2.1%,43%,91.1,100,111,161,4.1
217,JAC,"Bhayshul Tuten",RB,17,,8,0.6%,0%,80.1,74,96,217.1,4.1
218,DAL,"Jaydon Blue",RB,17,,10,-3.2%,0%,76.3,99,107,176.3,4.1
219,PIT,"Pittsburgh Steelers",DEF,17,,5,3.5%,0%,101.5,111,108,133.9,4.1
220,ATL,"Younghoe Koo",K,17,,5,7.4%,0%,134.5,144,162,171.7,4.1
221,NYG,"Theo Johnson",TE,17,,14,-5.9%,20%,79.1,86,93,150.8,3.9
222,WAS,"Matt Gay",K,17,,12,-3.1%,0%,136.8,150,156,174.2,3.8
223,BUF,"Joshua Palmer",WR,17,,7,1.1%,74%,107.7,103,124,173.3,3.7
224,CHI,"Luther Burden III",WR,17,,5,0.5%,0%,87.6,90,125,191.5,3.5
225,PHI,"Philadelphia Eagles",DEF,17,,9,-6.1%,0%,96.6,113,105,129.2,3.5
226,CAR,"Xavier Legette",WR,17,,14,2%,44%,92,103,124,181.4,3.4
227,KC,"Kansas City Chiefs",DEF,17,,10,-9.1%,0%,97.9,104,108,127,3.4
228,PHI,"Jake Elliott",K,17,,9,-4.2%,0%,139.2,151,156,172,3.4
229,GB,"Green Bay Packers",DEF,17,,5,-4.4%,0%,98,102,109,127.4,3.3
230,DET,"Jake Bates",K,17,,8,-8.9%,0%,138.4,155,154,173.8,3.3
231,DET,"Jack Campbell",LB,17,,8,-5.4%,0%,95.3,123,111,166.2,3.2
232,KC,"Nick Bolton",LB,17,,10,-9.1%,0%,96.8,146,114,159.4,3.2
233,KC,"Harrison Butker",K,17,,10,-3.1%,0%,141.7,147,151,174.8,3.1
234,NYJ,"New York Jets",DEF,17,,9,6.5%,0%,100.1,94,109,126.2,2.8
235,GB,"Brandon McManus",K,17,,5,-2.2%,0%,138.4,147,154,172.3,2.7
236,ATL,"Tyler Allgeier",RB,17,,5,5.6%,21%,81.5,92,94,185.4,2.6
237,SF,"San Francisco 49ers",DEF,17,,14,15.5%,0%,98,98,109,125.2,2.6
238,HOU,"Ka'imi Fairbairn",K,17,,6,1.2%,0%,140.2,142,152,173.7,2.6
239,MIN,"J.J. McCarthy",QB,17,,6,-3.5%,18%,233,278,303,342,2.5
240,MIA,"Jaylen Wright",RB,17,,12,2.8%,28%,75.8,84,91,198.3,2.3
241,CLE,"Dylan Sampson",RB,17,,9,0.1%,0%,71.5,78,99,187.8,2.2
242,SEA,"Devon Witherspoon",DB,17,,8,-0.5%,29%,79.3,124,99,128.8,2.2
243,NE,"Harold Landry",DL,17,,14,6.7%,0%,56.8,95,81,93.3,2.2
244,LAC,"Quentin Johnston",WR,17,,12,-0.8%,38%,90.8,86,126,177.8,2.1
245,BUF,"Ray Davis",RB,17,,7,-1.9%,0%,80.5,92,93,179.5,2
246,CLE,"Jerome Ford",RB,17,,9,0.1%,41%,69.9,94,100,170.9,1.9
247,CAR,"Trevon Moehrig",DB,17,,14,0.7%,0%,80.4,89,100,125.6,1.9
248,HOU,"Nick Chubb",RB,17,,6,2.3%,74%,72.2,91,85,199.5,1.7
249,MIN,"Blake Cashman",LB,17,,6,-3.3%,0%,99,125,118,143.7,1.6
250,NO,"Alontae Taylor",DB,17,,11,7.4%,0%,70.4,80,94,140.8,1.4
251,PIT,"Patrick Queen",LB,16,,5,3.5%,0%,98.7,133,118,142.2,1.3
252,JAC,"Foyesade Oluokun",LB,17,,8,4.6%,0%,97.6,162,115,149.3,1.3
253,HOU,"C.J. Stroud",QB,17,,6,4.7%,26%,266.1,270,292,336.2,1.1
254,LAR,"Kobie Turner",DL,17,,8,-0.6%,0%,60.3,71,75,98,0.9
255,CAR,"Adam Thielen",WR,17,,14,2%,45%,85.5,121,124,148.8,0.7
256,JAC,"Cam Little",K,17,,8,3.7%,0%,135.3,141,154,170.7,0.7
257,NYG,"Abdul Carter",DL,17,,14,-8.3%,0%,57.2,,73,102.7,0.6
258,MIN,"Minnesota Vikings",DEF,17,,6,-3.3%,0%,93.9,103,102,125.6,0.5
259,CIN,"Evan McPherson",K,17,,10,-1.8%,0%,138.6,151,146,175.1,0.5
260,TB,"Chase McLaughlin",K,17,,9,4.9%,0%,138.9,150,146,174,0.5
261,NYG,"Dexter Lawrence",DL,16,,14,-8.3%,0%,58.8,68,78,102,0.3
262,ARI,"Trey Benson",RB,17,,8,4.7%,23%,78,97,85,186.6,0.2
263,LVR,"Christian Wilkins",DL,17,,8,10.4%,0%,53.1,91,71,106.2,0.1
264,HOU,"Azeez Al-Shaair",LB,17,,6,-3.4%,0%,98,130,117,139.9,0.1
265,NYJ,"Mason Taylor",TE,17,,9,5.1%,0%,71.4,80,86,136.8,0
266,MIA,"Zach Sieler",DL,17,,12,-7.1%,0%,60.5,80,76,90.8,0
267,DAL,"DaRon Bland",DB,17,,10,-11%,0%,61.1,60,94,141,0
268,TEN,"Cody Barton",LB,17,,10,10%,0%,96.4,95,118,138.8,0
269,LAR,"Los Angeles Rams",DEF,17,,8,-0.6%,0%,92.6,99,102,124.2,0
270,BAL,"Tyler Loop",K,17,,7,-5.4%,0%,134.1,143,147,175.4,0
271,CAR,"Ja'Tavion Sanders",TE,17,,14,1%,0%,69.1,73,82,149.7,-0.2
272,TB,"Calijah Kancey",DL,17,,9,-2.2%,0%,51.1,44,73,102.3,-0.3
273,WAS,"Mike Sainristil",DB,17,,12,5.7%,0%,73.5,50,98,122.6,-0.5
274,SEA,"Seattle Seahawks",DEF,17,,8,-0.5%,0%,91.1,97,101,122.5,-0.5
275,CHI,"Roschon Johnson",RB,17,,5,-3.4%,31%,66.4,75,92,172.5,-0.5
276,MIA,"Ashtyn Davis",DB,17,,12,-7.1%,0%,100.3,,100,100.3,-0.7
277,NYG,"Wan'Dale Robinson",WR,17,,14,-2.7%,39%,96,113,117,147.6,-0.8
278,TB,"Tampa Bay Buccaneers",DEF,17,,9,-2.2%,0%,91.8,98,102,120.4,-0.9
279,DET,"Detroit Lions",DEF,17,,8,-5.4%,0%,90.7,102,100,124.6,-0.9
280,WAS,"Chris Rodriguez",RB,17,,12,-3.9%,38%,66.9,69,71,192,-1
281,DEN,"Wil Lutz",K,17,,12,-1.7%,0%,138,144,147,173.2,-1
282,MIN,"Josh Metellus",DB,17,,6,-3.3%,0%,76.1,104,91,131.4,-1.1
283,MIA,"Jason Sanders",K,17,,12,1%,0%,136.8,143,147,169.2,-1.1
284,MIA,"Tua Tagovailoa",QB,17,,12,2.2%,49%,255.6,258,290,334,-1.4
285,NE,"Demario Douglas",WR,17,,14,1.1%,63%,94.6,100,113,158.9,-1.4
286,WAS,"Frankie Luvu",LB,16,,12,5.7%,21%,95.9,129,114,142.7,-1.4
287,LAC,"Tre Harris",WR,17,,12,-0.8%,0%,81,94,108,181.5,-1.5
288,CIN,"Joseph Ossai",DL,17,,10,-11.8%,0%,56.1,,64,111.5,-1.5
289,MIA,"Minkah Fitzpatrick",DB,17,,12,-7.1%,0%,73.7,128,87,138.7,-1.6
290,GB,"Quay Walker",LB,17,,5,-4.4%,0%,91.1,120,114,144.6,-1.6
291,CLE,"Cleveland Browns",DEF,17,,9,-7.3%,0%,93,95,101,123.3,-1.6
292,LAR,"Joshua Karty",K,17,,8,4.3%,0%,135.8,142,146,172.3,-1.6
293,DEN,"Alex Singleton",LB,17,,12,7.7%,0%,66.4,149,111,165.9,-1.7
294,CHI,"Cole Kmet",TE,17,,5,-1%,52%,69.8,66,84,134.6,-1.8
295,GB,"Xavier McKinney",DB,17,,5,-4.4%,0%,73.4,100,92,128.5,-1.8
296,ARI,"Josh Sweat",DL,17,,8,8.2%,0%,52.6,57,73,94.9,-1.8
297,LVR,"Daniel Carlson",K,17,,8,-3.6%,0%,138,138,148,169.2,-1.8
298,ARI,"Michael Wilson",WR,17,,8,0.9%,45%,98,102,115,132.6,-1.9
299,DEN,"Zach Allen",DL,17,,12,7.7%,0%,59.3,67,69,97.8,-1.9
300,NE,"Kyle Williams",WR,17,,14,1.1%,0%,87,79,109,180.5,-2
301,NYG,"Darius Slayton",WR,17,,14,-2.7%,74%,94,88,113,161.9,-2.1
302,NYG,"New York Giants",DEF,17,,14,-8.3%,0%,89.6,104,97,121.8,-2.1
303,NYG,"Bobby Okereke",LB,16,,14,-8.3%,0%,90.5,149,107,159.8,-2.2
304,SF,"Isaac Guerendo",RB,17,,14,4.4%,0%,62.3,70,68,203.3,-2.3
305,CAR,"Bryce Young",QB,17,,14,3.6%,29%,249.3,260,287,332.4,-2.4
306,JAC,"Travon Walker",DL,17,,8,4.6%,0%,58.5,63,69,96.3,-2.4
307,ARI,"Jalen Thompson",DB,17,,8,8.2%,0%,71.4,92,89,133.9,-2.4
308,ARI,"Chad Ryland",K,17,,8,4.2%,0%,134.4,142,145,170.5,-2.5
309,DEN,"Jonathon Cooper",DL,17,,12,7.7%,0%,58.1,72,73,87.2,-2.6
310,LAR,"Omar Speights",LB,17,,8,-0.6%,0%,84.6,,113,146.7,-2.6
311,NE,"Jabrill Peppers",DB,17,,14,6.7%,0%,76.6,112,96,114.9,-2.6
312,BUF,"Taylor Rapp",DB,17,,7,9%,0%,70.3,98,94,121.8,-2.8
313,BUF,"Taron Johnson",DB,17,,7,9%,0%,73.3,99,92,123.7,-2.8
314,DAL,"Miles Sanders",RB,17,,10,-3.2%,42%,61.6,69,75,181.7,-2.9
315,LAC,"Najee Harris",RB,15,,12,-3.4%,28%,53,110,88,134.3,-2.9
316,NE,"New England Patriots",DEF,17,,14,6.7%,0%,91.9,83,102,121.5,-2.9
317,TB,"Yaya Diaby",DL,17,,9,-2.2%,0%,57.1,74,71,91.3,-3.1
318,SF,"Brian Robinson Jr.",RB,17,,14,4.4%,46%,57.1,90,63,192.2,-3.2
319,PHI,"Reed Blankenship",DB,17,,9,-6.1%,0%,66.4,111,83,145.2,-3.2
320,HOU,"Jalen Pitre",DB,17,,6,-3.4%,0%,71.5,114,95,118.3,-3.3
321,PIT,"Chris Boswell",K,17,,5,-4%,0%,135.1,140,144,168.1,-3.3
322,PHI,"Nolan Smith",DL,17,,9,-6.1%,0%,56.5,27,67,96.4,-3.4
323,ATL,"Divine Deablo",LB,17,,5,-2.4%,0%,85.1,97,112,145.5,-3.4
324,SEA,"Leonard Williams",DL,17,,8,-0.5%,24%,57.8,62,72,86.7,-3.5
325,DEN,"Nik Bonitto",DL,17,,12,7.7%,0%,58,50,72,87,-3.5
326,MIA,"Bradley Chubb",DL,17,,12,-7.1%,0%,48,48,74,88.7,-3.5
327,BAL,"Marlon Humphrey",DB,17,,7,4.4%,51%,65.7,90,94,122,-3.6
328,BAL,"Justice Hill",RB,17,,7,-4.3%,33%,73.4,74,95,120.2,-3.7
329,CAR,"Rico Dowdle",RB,17,,14,3.4%,21%,62.5,87,78,152.4,-3.7
330,KC,"Kareem Hunt",RB,17,,10,-1%,31%,61.2,69,74,171.9,-3.7
331,DET,"Kerby Joseph",DB,17,,8,-5.4%,0%,75.6,97,89,124.5,-3.8
332,WAS,"Washington Commanders",DEF,17,,12,5.7%,0%,86.7,99,95,119.1,-3.8
333,BAL,"Malaki Starks",DB,17,,7,4.4%,0%,66.2,,88,132.3,-4
334,MIN,"Jonathan Allen",DL,17,,6,-3.3%,18%,53.5,66,71,89.1,-4.1
335,LAR,"Blake Corum",RB,17,,8,2.6%,31%,58.6,46,73,186,-4.2
336,SEA,"Elijah Arroyo",TE,17,,8,4.7%,0%,48.7,64,74,146,-4.2
337,PIT,"Alex Highsmith",DL,16,,5,3.5%,0%,54.8,79,75,90.1,-4.3
338,CAR,"D.J. Wonnum",DL,17,,14,0.7%,0%,56.6,65,71,84.8,-4.4
339,GB,"MarShawn Lloyd",RB,16,,5,-0.4%,21%,56.5,62,72,172.3,-4.5
340,CIN,"Cam Taylor-Britt",DB,17,,10,-11.8%,0%,71.1,95,84,133.8,-4.5
341,IND,"Indianapolis Colts",DEF,17,,11,9.6%,0%,86,94,95,119.1,-4.5
342,MIA,"Tyrel Dodson",LB,17,,12,-7.1%,0%,114.9,88,115,114.9,-4.6
343,BUF,"Tyler Bass",K,17,,7,3.7%,0%,132.4,145,139,171.5,-4.7
344,NO,"Kendre Miller",RB,17,,11,6.9%,62%,55.8,68,74,163.6,-4.8
345,DEN,"Dre Greenlaw",LB,17,,12,7.7%,0%,73.1,45,104,164.9,-4.8
346,IND,"Alec Pierce",WR,17,,11,-0.9%,39%,92.3,92,97,165.2,-5
347,LVR,"Jack Bech",WR,17,,8,-0.8%,0%,77.7,87,101,169.5,-5
348,CHI,"Chicago Bears",DEF,17,,5,-1.5%,0%,86.3,97,93,117.9,-5.1
349,TEN,"Xavier Woods",DB,17,,10,10%,0%,65.1,84,93,117.2,-5.2
350,SEA,"Tyrice Knight",LB,17,,8,-0.5%,0%,84,,110,143.6,-5.3
351,CIN,"Daxton Hill",DB,17,,10,-11.8%,0%,68.5,97,91,118.7,-5.4
352,ATL,"Jordan Fuller",DB,17,,5,-2.4%,28%,68.1,99,91,118,-5.4
353,CIN,"Noah Fant",TE,17,,10,0.5%,64%,51,69,73,131.1,-5.5
354,PHI,"Cooper DeJean",DB,17,,9,-6.1%,0%,69.5,49,83,132.5,-5.5
355,LAR,"Tyler Higbee",TE,17,,8,-0.7%,0%,51.9,87,65,133,-5.6
356,LVR,"Geno Smith",QB,17,,8,-1.4%,53%,253.3,262,275,324.9,-5.9
357,LVR,"Malcolm Koonce",DL,17,,8,10.4%,0%,49.2,79,67,91.1,-5.9
358,NYG,"Jevon Holland",DB,17,,14,-8.3%,0%,64.6,109,81,137.3,-6.1
359,GB,"Nate Hobbs",DB,17,,5,-4.4%,0%,67,104,84,129.9,-6.1
360,NO,"Carl Granderson",DL,17,,11,7.4%,0%,55.3,82,69,83,-6.2
361,SEA,"Jason Myers",K,17,,8,5.7%,0%,133.1,140,142,167.1,-6.2
362,IND,"Kenny Moore",DB,17,,11,9.6%,0%,67.7,100,83,128.1,-6.7
363,NYJ,"Quincy Williams",LB,17,,9,6.5%,0%,91.9,127,104,144,-6.9
364,ARI,"Arizona Cardinals",DEF,17,,8,8.2%,0%,84.5,96,92,111.1,-6.9
365,ATL,"Michael Penix Jr.",QB,17,,5,3.3%,21%,249.1,253,271,330.4,-7.1
366,NE,"Anfernee Jennings",DL,17,,14,6.7%,0%,54.5,,68,81.8,-7.1
367,NE,"Carlton Davis",DB,17,,14,6.7%,65%,66.8,74,89,115.8,-7.1
368,CHI,"Dayo Odeyingbo",DL,17,,5,-1.5%,0%,44.6,57,56,111.4,-7.1
369,CLE,"Harold Fannin Jr.",TE,17,,9,2.3%,0%,55.1,49,69,152.8,-7.2
370,LAC,"Los Angeles Chargers",DEF,17,,12,11.4%,0%,83.4,98,91,110.7,-7.2
371,LAR,"Jarquez Hunter",RB,17,,8,2.6%,0%,50.8,39,60,179.3,-7.3
372,TEN,"Amani Hooker",DB,17,,10,10%,0%,70.6,87,88,114.7,-7.3
373,TEN,"L'Jarius Sneed",DB,17,,10,10%,0%,70.6,96,88,114.7,-7.3
374,GB,"Rashan Gary",DL,17,,5,-4.4%,0%,53.3,81,63,91.9,-7.4
375,CHI,"Kyle Monangai",RB,17,,5,-3.4%,0%,46.4,46,57,181.1,-7.5
376,HOU,"Jo'Quavious Marks",RB,17,,6,2.3%,0%,54.8,54,68,150.6,-7.5
377,DEN,"Pat Bryant",WR,17,,12,-1.3%,0%,69.2,70,89,177.5,-7.6
378,MIN,"Harrison Smith",DB,17,,6,-3.3%,0%,69.1,111,84,122.3,-7.7
379,NE,"Christian Barmore",DL,17,,14,6.7%,0%,49.5,66,65,88.5,-7.7
380,NYG,"Paulson Adebo",DB,17,,14,-8.3%,0%,64,97,85,123.7,-7.7
381,JAC,"Dyami Brown",WR,17,,8,-1.2%,29%,85.8,82,94,157.5,-7.8
382,MIA,"Ollie Gordon II",RB,17,,12,2.8%,0%,45.9,58,61,163.4,-7.8
383,PIT,"Cameron Heyward",DL,16,,5,3.5%,0%,53.8,96,71,87.8,-7.8
384,KC,"George Karlaftis",DL,17,,10,-9.1%,0%,54.3,75,65,84,-7.8
385,GB,"Dontayvion Wicks",WR,17,,5,-0.7%,44%,72,65,96,171.8,-7.9
386,IND,"Camryn Bynum",DB,17,,11,9.6%,0%,68,128,87,116,-7.9
387,CHI,"Cairo Santos",K,17,,5,-7.4%,0%,133.3,129,143,169.1,-7.9
388,SEA,"AJ Barner",TE,17,,8,4.7%,0%,52.2,58,65,131.2,-8
389,TB,"Sean Tucker",RB,17,,9,2.1%,0%,49.6,41,66,158.8,-8
390,GB,"Keisean Nixon",DB,17,,5,-4.4%,0%,66.3,80,88,114.9,-8
391,DAL,"Donovan Wilson",DB,17,,10,-11%,0%,67.6,111,84,122.5,-8
392,LAC,"Khalil Mack",DL,17,,12,11.4%,22%,55.4,101,63,86.9,-8
393,JAC,"Jacksonville Jaguars",DEF,17,,8,4.6%,0%,84.7,82,93,113.6,-8
394,MIA,"Miami Dolphins",DEF,17,,12,-7.1%,0%,82.6,94,91,110.8,-8
395,LAR,"Terrance Ferguson",TE,17,,8,-0.7%,0%,52.9,36,66,142.2,-8.1
396,LAR,"Byron Young",DL,17,,8,-0.6%,0%,52.6,78,64,86.6,-8.1
397,PHI,"Will Shipley",RB,17,,9,-2.8%,29%,50.3,47,59,165.8,-8.2
398,BUF,"Matt Milano",LB,16,,7,9%,18%,71.5,10,107,145.1,-8.2
399,PIT,"Kenneth Gainwell",RB,17,,5,-1.3%,21%,51.4,46,68,147.3,-8.3
400,SF,"Jake Moody",K,17,,14,7.2%,0%,118.5,146,139,171.5,-8.3
401,DEN,"Troy Franklin",WR,17,,12,-1.3%,23%,77.3,68,95,197.5,-8.4
402,LAR,"Matthew Stafford",QB,17,,8,4.9%,80%,243.4,247,270,330,-8.4
403,ATL,"Ray-Ray McCloud",WR,17,,5,1.4%,0%,81.3,80,108,126.8,-8.5
404,TEN,"Cameron Ward",QB,17,,10,2.1%,0%,231.4,245,272,332.1,-8.6
405,TB,"Zyon McCollum",DB,17,,9,-2.2%,0%,68.4,86,83,121,-8.6
406,LAC,"Tuli Tuipulotu",DL,17,,12,11.4%,0%,53.9,56,62,87.3,-8.6
407,KC,"Noah Gray",TE,17,,10,-8.1%,0%,57.3,65,65,115.8,-8.7
408,WAS,"Jartavius Martin",DB,17,,12,5.7%,0%,65.1,45,81,126.2,-8.8
409,MIN,"Ivan Pace Jr.",LB,17,,6,-3.3%,0%,79.6,114,105,141.4,-8.8
410,DEN,"Talanoa Hufanga",DB,17,,12,7.7%,0%,65.6,62,82,122.9,-8.8
411,CIN,"Tahj Brooks",RB,17,,10,-0.7%,0%,42.9,51,57,163,-8.9
412,DAL,"Jack Sanborn",LB,17,,10,-11%,0%,61.1,,91,182.4,-8.9
413,LAC,"Tyler Conklin",TE,17,,12,3.2%,29%,47.7,59,64,124.1,-9
414,CAR,"Jalen Coker",WR,17,,14,2%,0%,71.4,68,98,155.6,-9.1
415,HOU,"Dameon Pierce",RB,17,,6,2.3%,35%,41.1,48,55,165.9,-9.1
416,MIN,"Will Reichard",K,17,,6,-4.9%,0%,127.4,144,134,169,-9.1
417,LAR,"Braden Fiske",DL,17,,8,-0.6%,0%,55.6,57,63,82.1,-9.2
418,HOU,"Christian Harris",LB,17,,6,-3.4%,0%,79.7,79,106,138.1,-9.4
419,BAL,"Keaton Mitchell",RB,17,,7,-4.3%,29%,46.7,52,52,161,-9.5
420,TEN,"Tyler Lockett",WR,17,,10,1.2%,26%,77.7,93,90,147.3,-9.5
421,CAR,"A'Shawn Robinson",DL,17,,14,0.7%,0%,53.2,61,66,76.4,-9.6
422,ATL,"Leonard Floyd",DL,17,,5,-2.4%,0%,51.7,65,65,77.5,-9.7
423,CHI,"Kyler Gordon",DB,17,,5,-1.5%,0%,64.3,4,86,111.4,-9.7
424,ATL,"Atlanta Falcons",DEF,17,,5,-2.4%,0%,81.4,82,90,108.3,-9.7
425,NYG,"Micah McFadden",LB,16,,14,-8.3%,0%,79.4,94,104,141,-9.8
426,IND,"Jaylon Jones",DB,17,,11,9.6%,0%,65,4,87,108.4,-9.8
427,LAC,"Elijah Molden",DB,17,,12,11.4%,0%,66.6,83,83,116.6,-9.8
428,NO,"New Orleans Saints",DEF,17,,11,7.4%,0%,82.9,79,91,110.2,-9.8
429,IND,"DJ Giddens",RB,17,,11,0.8%,0%,47.8,39,57,153.6,-9.9
430,IND,"Kwity Paye",DL,17,,11,9.6%,0%,49.5,66,58,92.2,-9.9
431,KC,"Chris Jones",DL,17,,10,-9.1%,0%,44.2,67,53,105.2,-10
432,NYJ,"Isaiah Davis",RB,17,,9,5%,0%,48,20,52,172.1,-10.3
433,NE,"Milton Williams",DL,17,,14,6.7%,0%,42.4,,53,106.1,-10.3
434,SEA,"Sam Darnold",QB,17,,8,4%,31%,245.8,239,267,320.5,-10.4
435,MIN,"Jalen Nailor",WR,17,,6,-0.6%,0%,76,70,95,144.4,-10.5
436,UNS,"Amari Cooper",WR,17,,18,-,74%,76.6,54,102,140,-10.6
437,LAR,"Kamren Curl",DB,17,,8,-0.6%,0%,64,125,85,110.9,-10.6
438,CIN,"Samaje Perine",RB,17,,10,-0.7%,18%,51,46,73,105.6,-10.6
439,GB,"Christian Watson",WR,9,,5,-0.7%,75%,30.4,52,41,81,-10.6
440,JAC,"Tyson Campbell",DB,17,,8,4.6%,0%,63.4,93,79,122.8,-10.7
441,ARI,"Zaven Collins",DL,17,,8,8.2%,0%,53.9,45,64,74.5,-10.8
442,IND,"Laiatu Latu",DL,17,,11,9.6%,0%,46.9,69,55,96.6,-11
443,NO,"Chase Young",DL,17,,11,7.4%,0%,46.7,47,55,96.2,-11
444,TEN,"Tennessee Titans",DEF,17,,10,10%,0%,80.3,80,88,106.7,-11
445,NE,"Antonio Gibson",RB,17,,14,3.7%,81%,53.6,49,60,121,-11.1
446,NO,"Taysom Hill",TE,10,,11,0.7%,81%,18.2,54,73,109.1,-11.1
447,PIT,"Darius Slay",DB,17,,5,3.5%,0%,60.9,81,87,106.2,-11.1
448,CLE,"Denzel Ward",DB,17,,9,-7.3%,46%,59.5,63,85,110.5,-11.2
449,CIN,"Jordan Battle",DB,17,,10,-11.8%,0%,50.6,102,84,118,-11.4
450,IND,"Spencer Shrader",K,17,,11,2.8%,0%,121.9,5,130,160.8,-11.4
451,TB,"Jalen McMillan",WR,9,,9,0.7%,0%,36.7,45,43,74.7,-11.5
452,CAR,"Trevor Etienne",RB,17,,14,3.4%,0%,40.1,38,56,141,-11.5
453,KC,"Trent McDuffie",DB,17,,10,-9.1%,0%,62.7,90,78,121.5,-11.6
454,HOU,"Kamari Lassiter",DB,17,,6,-3.4%,0%,62.7,27,78,121.5,-11.6
455,PHI,"Jalen Carter",DL,17,,9,-6.1%,0%,53.3,47,59,81.1,-11.7
456,KC,"Charles Omenihu",DL,17,,10,-9.1%,0%,53.7,,63,72.6,-11.7
457,LAC,"Will Dissly",TE,17,,12,3.2%,24%,44.5,65,54,115.2,-11.8
458,CAR,"Carolina Panthers",DEF,17,,14,0.7%,0%,80.1,79,88,106.5,-11.8
459,CIN,"Cincinnati Bengals",DEF,17,,10,-11.8%,0%,78,93,86,105.4,-11.9
460,LVR,"Raheem Mostert",RB,17,,8,-1.8%,89%,43.3,57,58,115.5,-12
461,BUF,"Ty Johnson",RB,17,,7,-1.9%,21%,49.7,61,56,111.8,-12.1
462,SF,"Deommodore Lenoir",DB,17,,14,15.5%,0%,58.7,54,84,109,-12.1
463,GB,"Javon Bullard",DB,17,,5,-4.4%,0%,59,85,79,118.1,-12.2
464,NO,"Justin Reid",DB,17,,11,7.4%,0%,63.4,95,83,108.5,-12.2
465,MIN,"Byron Murphy",DB,17,,6,-3.3%,0%,86.3,93,86,86.3,-12.3
466,DET,"D.J. Reed",DB,17,,8,-5.4%,0%,63.1,89,84,105.2,-12.4
467,BAL,"DeAndre Hopkins",WR,17,,7,1.2%,74%,78.4,84,87,130.7,-12.5
468,HOU,"Derek Stingley",DB,17,,6,-3.4%,0%,55.8,82,74,130.3,-12.5
469,CHI,"Tremaine Edmunds",LB,17,,5,-1.5%,80%,86.1,108,101,131.7,-12.5
470,LVR,"Las Vegas Raiders",DEF,17,,8,10.4%,0%,76.9,82,85,104.8,-12.5
471,PHI,"Jalyx Hunt",DL,17,,9,-6.1%,0%,37.4,13,50,104.6,-12.7
472,CIN,"Andrei Iosivas",WR,17,,10,0.4%,14%,69.6,78,83,144.9,-12.9
473,NE,"Kayshon Boutte",WR,17,,14,1.1%,0%,60.5,65,93,139.6,-12.9
474,KC,"Brashard Smith",RB,17,,10,-1%,0%,48,22,69,181.8,-12.9
475,GB,"Evan Williams",DB,17,,5,-4.4%,0%,58.7,,84,105.6,-12.9
476,NE,"Austin Hooper",TE,17,,14,1.6%,20%,49.2,56,58,98.3,-13.1
477,NYJ,"Will McDonald",DL,17,,9,6.5%,0%,45,39,56,87.2,-13.1
478,NE,"Christian Gonzalez",DB,17,,14,6.7%,0%,56.5,89,75,124.3,-13.2
479,KC,"Elijah Mitchell",RB,17,,10,-1%,91%,32.1,37,37,113.7,-13.2
480,MIA,"Ifeatu Melifonwu",DB,17,,12,-7.1%,0%,84.8,,85,84.8,-13.2
481,MIN,"Dallas Turner",DL,17,,6,-3.3%,0%,35.8,58,51,102.3,-13.3
482,NYG,"Kayvon Thibodeaux",DL,16,,14,-8.3%,0%,52.4,79,62,83.2,-13.4
483,CHI,"Tyrique Stevenson",DB,17,,5,-1.5%,0%,51.2,101,79,118.1,-13.4
484,LAR,"Tutu Atwell",WR,17,,8,0.4%,36%,75.1,77,85,133.1,-13.5
485,NYJ,"Quinnen Williams",DL,17,,9,6.5%,0%,40.3,82,50,100.7,-13.5
486,NYJ,"Brandon Stephens",DB,17,,9,6.5%,0%,65.6,86,82,102.4,-13.5
487,BAL,"Mike Green",DL,17,,7,4.4%,0%,34.2,,51,102,-13.5
488,LAC,"Oronde Gadsden II",TE,17,,12,3.2%,0%,35.3,29,48,142.7,-13.6
489,NYG,"Devin Singletary",RB,17,,14,-4.6%,39%,48.5,43,54,107.7,-13.7
490,TB,"Haason Reddick",DL,17,,9,-2.2%,0%,43.1,49,54,88.8,-13.7
491,DAL,"Phil Mafah",RB,17,,10,-3.2%,0%,28.8,2,44,168.2,-13.8
492,NYJ,"Tony Adams",DB,17,,9,6.5%,0%,57.8,91,83,103.3,-13.9
493,PIT,"Joey Porter Jr.",DB,17,,5,3.5%,0%,60.6,65,81,105,-14
494,BUF,"Christian Benford",DB,17,,7,9%,0%,58,64,77,116,-14
495,IND,"Charvarius Ward",DB,17,,11,9.6%,0%,58,86,77,116,-14
496,HOU,"Jaylin Noel",WR,17,,6,0.3%,0%,60.1,58,80,160.3,-14.1
497,DAL,"Osa Odighizuwa",DL,17,,10,-11%,0%,50.4,46,57,77.3,-14.1
498,LVR,"Dont'e Thornton Jr.",WR,17,,8,-0.8%,0%,54.3,73,72,170.1,-14.2
499,NYJ,"Josh Reynolds",WR,17,,9,3%,16%,57.4,72,86,137.9,-14.3
500,SF,"Renardo Green",DB,17,,14,15.5%,0%,63,38,79,106.3,-14.3
501,CAR,"Trevin Wallace",LB,17,,14,0.7%,0%,74.8,53,98,137.8,-14.4
502,BAL,"Justin Madubuike",DL,17,,7,4.4%,0%,46.4,69,54,83.5,-14.5
503,LAC,"Tarheeb Still",DB,17,,12,11.4%,0%,56.4,,81,104.8,-14.6
504,JAC,"Devin Lloyd",LB,17,,8,4.6%,0%,76.9,119,99,132.2,-14.6
505,DEN,"Jahdae Barron",DB,17,,12,7.7%,0%,54.3,,78,112.4,-14.6
506,TEN,"Jarvis Brownlee Jr.",DB,17,,10,10%,0%,57.5,,82,102.6,-14.7
507,NO,"Demario Davis",LB,17,,11,7.4%,0%,77.7,107,97,136,-14.8
508,KC,"Michael Danna",DL,17,,10,-9.1%,0%,44.9,62,56,78.6,-15
509,ARI,"Akeem Davis-Gaither",LB,17,,8,8.2%,0%,62.4,,82,106.7,-15
510,HOU,"Cade Stover",TE,17,,6,2.3%,21%,31,33,48,126.2,-15.1
511,LVR,"Michael Mayer",TE,17,,8,-6.5%,77%,48.1,46,53,98.8,-15.1
512,SF,"Jordan James",RB,17,,14,4.4%,0%,29.8,13,36,159.1,-15.1
513,MIA,"Nick Westbrook-Ikhine",WR,17,,12,2.9%,0%,60.7,77,76,144.1,-15.2
514,NO,"Devin Neal",RB,17,,11,6.9%,0%,30.8,34,41,131.6,-15.2
515,SEA,"Boye Mafe",DL,17,,8,-0.5%,0%,45.3,77,58,73.2,-15.3
516,NO,"Foster Moreau",TE,17,,11,0.7%,20%,43.4,52,54,92.2,-15.4
517,WAS,"Will Harris",DB,17,,12,5.7%,0%,56,61,80,104,-15.5
518,CLE,"Mason Graham",DL,17,,9,-7.3%,0%,50.3,,56,72.6,-15.5
519,DAL,"Kenneth Murray",LB,17,,10,-11%,0%,79.4,85,97,130.6,-15.7
520,IND,"JT Tuimoloau",DL,17,,11,9.6%,0%,40.4,,50,90.8,-15.9
521,BUF,"Cole Bishop",DB,17,,7,9%,0%,38.9,50,78,116.8,-16
522,NO,"Blake Grupe",K,17,,11,8.9%,0%,122.9,137,129,161.8,-16.1
523,IND,"Adonai Mitchell",WR,17,,11,-0.9%,28%,54.8,57,61,182.5,-16.2
524,BAL,"Odafe Oweh",DL,17,,7,4.4%,0%,46.9,56,55,74.5,-16.2
525,WAS,"Jeremy McNichols",RB,17,,12,-3.9%,0%,33.9,19,42,106,-16.2
526,PIT,"Aaron Rodgers",QB,17,,5,-2.5%,36%,239.4,228,249,319.2,-16.3
527,UNS,"Gus Edwards",RB,17,,18,-,50%,49.3,4,58,89.9,-16.4
528,NE,"Andres Borregales",K,17,,14,3.7%,0%,123.3,115,131,165.3,-16.4
529,PIT,"Calvin Austin III",WR,17,,5,1.9%,23%,61.8,89,77,122,-16.5
530,WAS,"Noah Brown",WR,17,,12,-0.2%,0%,57.1,67,71,152.9,-16.5
531,SEA,"Uchenna Nwosu",DL,17,,8,-0.5%,18%,43.9,78,56,73.1,-16.5
532,TEN,"Arden Key",DL,17,,10,10%,0%,45,43,55,73.6,-16.6
533,SEA,"Tory Horton",WR,17,,8,1.5%,0%,48.3,78,67,154.3,-17
534,BUF,"Ed Oliver",DL,17,,7,9%,0%,37,60,48,91.2,-17
535,GB,"Emanuel Wilson",RB,17,,5,-0.4%,0%,25.9,43,36,115.4,-17.1
536,JAC,"Parker Washington",WR,17,,8,-1.2%,0%,63.5,50,71,151.6,-17.1
537,LAR,"Jordan Whittington",WR,17,,8,0.4%,0%,57.2,60,73,147.3,-17.1
538,PIT,"Derrick Harmon",DL,16,,5,3.5%,0%,42.6,,53,90.5,-17.1
539,BUF,"Damar Hamlin",DB,17,,7,9%,0%,19.9,57,80,119.3,-17.3
540,GB,"Luke Musgrave",TE,17,,5,-4.1%,32%,28.6,32,38,129,-17.4
541,DET,"Alex Anzalone",LB,17,,8,-5.4%,0%,81.4,117,96,124.4,-17.4
542,IND,"Daniel Jones",QB,11,,11,2.2%,44%,176.6,279,235,343.7,-17.4
543,KC,"Drue Tranquill",LB,17,,10,-9.1%,0%,77.5,108,95,127.6,-17.6
544,TB,"Vita Vea",DL,17,,9,-2.2%,0%,45.1,3,56,67.7,-17.7
545,CLE,"Diontae Johnson",WR,17,,9,-2.2%,80%,44.6,62,74,146.3,-17.8
546,ARI,"Walter Nolen",DL,17,,8,8.2%,0%,37,,49,86.4,-17.9
547,NYJ,"Nick Folk",K,17,,9,5%,0%,109.7,129,129,162.7,-18
548,JAC,"Eric Murray",DB,17,,8,4.6%,0%,53.9,,77,100.1,-18.1
549,GB,"Lukas Van Ness",DL,17,,5,-4.4%,0%,40.4,52,50,80.8,-18.3
550,DET,"Isaac TeSlaa",WR,17,,8,1%,0%,53.3,33,71,174.2,-18.4
551,ARI,"Emari Demercado",RB,17,,8,4.7%,18%,37.9,27,47,73.5,-18.5
552,BUF,"Dawson Knox",TE,17,,7,4.6%,64%,36.5,39,41,101.6,-18.6
553,DEN,"Jaleel McLaughlin",RB,17,,12,-3%,21%,38.9,31,50,64.8,-18.6
554,MIA,"Malik Washington",WR,17,,12,2.9%,0%,56.4,49,72,141.8,-18.8
555,PIT,"Roman Wilson",WR,17,,5,1.9%,27%,56.4,46,75,137,-18.9
556,TB,"Jamel Dean",DB,17,,9,-2.2%,0%,53,67,76,98.3,-18.9
557,NE,"Marcus Jones",DB,17,,14,6.7%,0%,53.2,,76,98.8,-18.9
558,PHI,"A.J. Dillon",RB,17,,9,-2.8%,34%,16,26,40,99.9,-18.9
559,CHI,"Gervon Dexter",DL,17,,5,-1.5%,0%,45.6,,54,66.3,-18.9
560,WAS,"Jonathan Jones",DB,17,,12,5.7%,0%,53,,76,98.4,-18.9
561,KC,"Kristian Fulton",DB,17,,10,-9.1%,0%,52.4,65,75,101,-18.9
562,WAS,"Ben Sinnott",TE,17,,12,-6.2%,0%,26,36,30,124.2,-19.2
563,TEN,"Gunnar Helm",TE,17,,10,4.1%,0%,30,24,38,113.8,-19.2
564,TEN,"Joey Slye",K,17,,10,2.6%,0%,121.2,126,126,157.9,-19.3
565,BUF,"Curtis Samuel",WR,17,,7,1.1%,83%,50.6,55,70,139.1,-19.5
566,NO,"Devaughn Vele",WR,17,,11,-1%,0%,59.5,43,74,134,-19.5
567,KC,"Jalen Royals",WR,17,,10,0.6%,0%,43.3,40,56,175.4,-19.6
568,CIN,"Geno Stone",DB,17,,10,-11.8%,0%,46.7,79,72,107.9,-19.6
569,CAR,"Michael Jackson",DB,17,,14,0.7%,0%,46.6,4,72,107.6,-19.6
570,UNS,"Gabriel Davis",WR,18,,18,-,42%,55.9,45,70,139.9,-19.7
571,TEN,"Elic Ayomanor",WR,17,,10,1.2%,0%,50.6,63,63,145.6,-19.8
572,SF,"Ji'ayir Brown",DB,17,,14,15.5%,0%,51.8,81,74,99.8,-19.8
573,UNS,"Gerald Everett",TE,17,,18,-,38%,34.1,5,43,106.7,-20
574,SF,"Demarcus Robinson",WR,14,,14,1.1%,0%,46.4,65,55,158.3,-20
575,DAL,"KaVontae Turpin",WR,17,,10,-3.2%,0%,56.2,48,75,123.6,-20.1
576,JAC,"LeQuint Allen",RB,17,,8,0.6%,0%,20.4,6,27,122.3,-20.1
577,BUF,"Maxwell Hairston",DB,17,,7,9%,0%,43,,72,107.6,-20.2
578,NE,"Mack Hollins",WR,17,,14,1.1%,12%,66.6,16,76,132.4,-20.4
579,CHI,"Jonathan Owens",DB,17,,5,-1.5%,0%,36.3,,73,108.9,-20.4
580,SF,"Richie Grant",DB,17,,14,15.5%,0%,36.6,45,73,109.7,-20.4
581,CIN,"Demetrius Knight Jr.",LB,17,,10,-11.8%,0%,68.5,,91,132.5,-20.4
582,DET,"Tim Patrick",WR,17,,8,1%,18%,53.1,51,71,127.4,-20.5
583,CAR,"Tommy Tremble",TE,17,,14,1%,0%,30.7,36,34,102.3,-20.6
584,HOU,"Chauncey Gardner-Johnson",DB,17,,6,-3.4%,0%,51.1,88,68,109.1,-20.6
585,CAR,"Jaycee Horn",DB,17,,14,0.7%,42%,51.5,76,74,95.7,-20.6
586,DAL,"Trevon Diggs",DB,17,,10,-11%,31%,45.7,76,70,109.1,-20.6
587,LVR,"Tre Tucker",WR,17,,8,-0.8%,0%,55.6,60,60,142,-20.7
588,NO,"Cam Akers",RB,17,,11,6.9%,20%,33.6,15,41,69.6,-20.7
589,SEA,"DeMarcus Lawrence",DL,17,,8,-0.5%,0%,35.4,65,54,65.3,-20.8
590,NO,"Clyde Edwards-Helaire",RB,17,,11,6.9%,40%,23.6,19,36,80,-21.1
591,ARI,"Max Melton",DB,17,,8,8.2%,0%,47.4,76,73,98.5,-21.2
592,JAC,"Jourdan Lewis",DB,17,,8,4.6%,0%,47.4,64,73,98.5,-21.2
593,TEN,"Kalel Mullings",RB,17,,10,-0.4%,0%,18,13,24,107.8,-21.3
594,DET,"Terrion Arnold",DB,17,,8,-5.4%,0%,35.9,84,72,107.6,-21.3
595,DAL,"Sam Williams",DL,17,,10,-11%,0%,32.1,,43,85.7,-21.4
596,NE,"Keion White",DL,17,,14,6.7%,0%,26.5,30,44,88.4,-21.4
597,DEN,"Audric Estime",RB,17,,12,-3%,21%,21.1,18,32,86.1,-21.5
598,DEN,"Ja'Quan McMillian",DB,17,,12,7.7%,0%,50.1,,72,96.6,-21.5
599,KC,"Bryan Cook",DB,17,,10,-9.1%,0%,51.2,67,73,95,-21.5
600,DET,"Za'Darius Smith",DL,17,,8,-5.4%,0%,34.5,67,46,78.1,-21.5
601,MIN,"Theo Jackson",DB,17,,6,-3.3%,0%,75,,75,75,-21.5
602,NO,"Brandin Cooks",WR,17,,11,-1%,34%,50,65,64,124.9,-21.6
603,BUF,"A.J. Epenesa",DL,17,,7,9%,0%,37.4,46,50,67.3,-21.6
604,SEA,"Damien Martinez",RB,17,,8,3.4%,0%,18.9,17,22,104.5,-21.7
605,NYJ,"Ahmad Gardner",DB,17,,9,6.5%,0%,48.8,76,70,101.1,-21.7
606,TEN,"Van Jefferson",WR,17,,10,1.2%,29%,56.7,42,68,125.6,-21.7
607,KC,"Carson Steele",RB,17,,10,-1%,0%,20.5,11,26,89.6,-21.8
608,DAL,"Jalen Tolbert",WR,17,,10,-3.2%,0%,40.7,79,63,118.9,-22
609,WAS,"Daron Payne",DL,16,,12,5.7%,13%,37.2,54,46,88.3,-22.1
610,WAS,"Dorance Armstrong",DL,16,,12,5.7%,0%,37.7,74,47,84.8,-22.1
611,CHI,"Olamide Zaccheaus",WR,17,,5,0.5%,9%,45.2,27,58,159.2,-22.3
612,PHI,"Kelee Ringo",DB,17,,9,-6.1%,0%,74,,74,74,-22.3
613,MIA,"Chop Robinson",DL,17,,12,-7.1%,0%,34.3,56,49,68.5,-22.4
614,ARI,"Michael Carter",RB,17,,8,4.7%,30%,15.8,9,26,92.4,-22.6
615,UNS,"Cordarrelle Patterson",RB,16,,18,-,35%,24.6,3,36,68.7,-22.7
616,HOU,"Jimmie Ward",DB,17,,6,-3.4%,0%,43.7,74,65,111,-22.7
617,MIN,"Ty Chandler",RB,17,,6,-3.5%,29%,23.4,18,26,78.1,-22.8
618,LAC,"Alohi Gilman",DB,17,,12,11.4%,0%,36.3,95,73,98,-22.8
619,CAR,"Mitchell Evans",TE,17,,14,1%,0%,21.8,11,29,113.6,-22.8
620,WAS,"Jaylin Lane",WR,17,,12,-0.2%,0%,39.7,26,53,166.6,-23
621,DEN,"Blake Watson",RB,16,,12,-3%,0%,10.5,5,15,112.7,-23.1
622,GB,"Christopher Brooks",RB,17,,5,-0.4%,0%,31.1,19,43,133.8,-23.1
623,DAL,"Luke Schoonmaker",TE,17,,10,-6.4%,29%,22.9,29,34,87.1,-23.2
624,CLE,"Pierre Strong Jr.",RB,17,,9,0.1%,29%,20.9,13,26,76.5,-23.4
625,WAS,"Deatrich Wise",DL,16,,12,5.7%,0%,41.5,63,52,68,-23.5
626,SEA,"Marquez Valdes-Scantling",WR,17,,8,1.5%,38%,43.2,61,58,125.5,-23.7
627,NO,"Marcus Yarns",RB,17,,11,6.9%,0%,12.7,,18,79.6,-23.7
628,CIN,"B.J. Hill",DL,17,,10,-11.8%,0%,37.1,64,49,61.8,-23.7
629,LVR,"Sincere McCormick",RB,17,,8,-1.8%,0%,17.7,19,24,70.8,-23.8
630,PIT,"Payton Wilson",LB,16,,5,3.5%,0%,60,96,86,132.8,-23.9
631,NYG,"Russell Wilson",QB,12,,14,-5.4%,38%,163.1,217,247,313.8,-24
632,SEA,"Derick Hall",DL,17,,8,-0.5%,0%,36,51,48,62.3,-24
633,NYG,"Deonte Banks",DB,17,,14,-8.3%,0%,48.9,89,70,90.7,-24
634,DAL,"Malik Hooker",DB,17,,10,-11%,16%,48.8,49,70,90.6,-24
635,ARI,"Garrett Williams",DB,17,,8,8.2%,0%,49.3,3,66,98.7,-24
636,UNS,"Jamaal Williams",RB,17,,18,-,38%,15.6,,24,59.9,-24.1
637,TEN,"Josh Whyle",TE,17,,10,4.1%,0%,22.7,25,28,94,-24.1
638,CLE,"Dustin Hopkins",K,17,,9,-1.1%,0%,119.7,123,123,160.4,-24.1
639,NYG,"Graham Gano",K,17,,14,-5.9%,0%,116.8,114,120,160.1,-24.1
640,TEN,"T'Vondre Sweat",DL,17,,10,10%,0%,38.3,44,48,59.8,-24.2
641,WAS,"Javon Kinlaw",DL,16,,12,5.7%,0%,37.6,32,47,75.1,-24.2
642,DET,"Craig Reynolds",RB,17,,8,-6.6%,0%,18.3,14,23,70.3,-24.4
643,LAC,"Raheim Sanders",RB,17,,12,-3.4%,0%,12.7,3,17,89.8,-24.5
644,KC,"Chamarri Conner",DB,17,,10,-9.1%,0%,36.2,,72,94.1,-24.5
645,LAC,"Kimani Vidal",RB,17,,12,-3.4%,0%,12,18,20,73.1,-24.6
646,SF,"Yetur Gross-Matos",DL,17,,14,15.5%,0%,35.1,54,47,62.2,-24.6
647,LAR,"Ahkello Witherspoon",DB,17,,8,-0.6%,0%,44.6,,69,92.7,-24.6
648,MIN,"Javon Hargrave",DL,17,,6,-3.3%,0%,32.6,62,47,62.9,-24.7
649,DEN,"Patrick Surtain II",DB,17,,12,7.7%,0%,44.4,75,66,99.5,-24.8
650,PHI,"Quinyon Mitchell",DB,17,,9,-6.1%,0%,44.7,74,64,102.3,-24.8
651,ARI,"Elijah Higgins",TE,17,,8,4.9%,0%,23.3,27,31,72.9,-24.9
652,IND,"Khalil Herbert",RB,17,,11,0.8%,82%,13.4,29,19,62.3,-25
653,ATL,"A.J. Terrell",DB,17,,5,-2.4%,30%,42.7,63,66,98.4,-25
654,ARI,"Baron Browning",DL,17,,8,8.2%,0%,32,52,43,70.3,-25
655,DET,"Kalif Raymond",WR,17,,8,1%,13%,54,33,60,120,-25.1
656,NYG,"Greg Dulcich",TE,17,,14,-5.9%,78%,17.2,9,26,103,-25.2
657,PHI,"Jihaad Campbell",LB,17,,9,-6.1%,0%,58.8,,90,122,-25.2
658,ARI,"Greg Dortch",WR,17,,8,0.9%,36%,44.6,53,56,108.7,-25.3
659,CHI,"Jaylon Johnson",DB,17,,5,-1.5%,0%,50.5,64,67,90.9,-25.3
660,DEN,"Tyler Badie",RB,16,,12,-3%,0%,9.4,7,14,86.3,-25.4
661,NYJ,"Stone Smartt",TE,17,,9,5.1%,0%,22.5,11,28,89.8,-25.4
662,KC,"JuJu Smith-Schuster",WR,17,,10,0.6%,72%,35,38,44,157.7,-25.4
663,ARI,"Darius Robinson",DL,17,,8,8.2%,0%,30.8,25,44,68.2,-25.4
664,IND,"Tyler Goodson",RB,17,,11,0.8%,0%,13.4,20,19,62.1,-25.5
665,SEA,"Byron Murphy II",DL,17,,8,-0.5%,0%,32.3,43,43,68.8,-25.5
666,NYJ,"Andre Cisco",DB,17,,9,6.5%,0%,33.4,85,67,100.2,-25.6
667,LAC,"KeAndre Lambert-Smith",WR,17,,12,-0.8%,0%,34.3,14,46,167,-25.7
668,DAL,"Jonathan Mingo",WR,15,,10,-3.2%,59%,48.2,17,55,138.4,-25.8
669,SEA,"Jarran Reed",DL,17,,8,-0.5%,0%,33.9,69,45,62.4,-25.9
670,NYJ,"Tyler Johnson",WR,17,,9,3%,0%,37,27,53,140.1,-26
671,BUF,"Elijah Moore",WR,17,,7,1.1%,69%,44.4,33,54,129.9,-26
672,WAS,"Luke McCaffrey",WR,17,,12,-0.2%,11%,41.3,25,55,135,-26
673,LVR,"Zamir White",RB,17,,8,-1.8%,30%,15.1,16,19,54.8,-26.1
674,HOU,"Harrison Bryant",TE,17,,6,2.3%,21%,19.6,4,23,99.1,-26.2
675,BUF,"Joey Bosa",DL,16,,7,9%,79%,27.2,81,42,83.8,-26.3
676,ARI,"Calais Campbell",DL,17,,8,8.2%,5%,36,,45,58.4,-26.4
677,LVR,"Elandon Roberts",LB,17,,8,10.4%,0%,66.1,94,87,117.4,-26.4
678,MIN,"Josh Oliver",TE,17,,6,-5.3%,19%,16,46,23,69.8,-26.5
679,NO,"Kool-Aid McKinstry",DB,17,,11,7.4%,0%,33,38,66,98.9,-26.5
680,CLE,"Jamari Thrash",WR,17,,9,-2.2%,0%,41.9,30,56,123,-26.7
681,TEN,"Jordan Mims",RB,16,,10,-0.4%,0%,11.4,14,18,49.1,-26.9
682,PHI,"Grant Calcaterra",TE,17,,9,-4.5%,0%,16.8,30,24,74.3,-26.9
683,DAL,"Dante Fowler",DL,17,,10,-11%,7%,32.1,60,43,62.1,-27
684,CIN,"Drew Sample",TE,17,,10,0.5%,24%,26.4,15,32,61.1,-27.1
685,SF,"Mykel Williams",DL,17,,14,15.5%,0%,29.1,,39,71.4,-27.1
686,DAL,"Deuce Vaughn",RB,17,,10,-3.2%,0%,8.5,8,12,64.4,-27.3
687,KC,"Leo Chenal",LB,17,,10,-9.1%,0%,63.5,58,84,120.3,-27.4
688,DET,"Tyleik Williams",DL,17,,8,-5.4%,0%,31.3,,42,62.5,-27.4
689,DAL,"Malik Davis",RB,17,,10,-3.2%,0%,7.3,,12,52.3,-27.5
690,IND,"Anthony Richardson",QB,6,,11,2.2%,40%,59.9,77,115,178.5,-27.5
691,CLE,"Isaiah Bond",WR,17,,9,-2.2%,0%,27.9,,37,141.4,-27.5
692,SEA,"Tariq Woolen",DB,17,,8,-0.5%,0%,40.7,83,63,93.8,-27.6
693,ATL,"James Pearce",DL,17,,5,-2.4%,0%,26,,40,69.9,-27.6
694,WAS,"Michael Gallup",WR,17,,12,-0.2%,21%,29,24,53,131.9,-27.7
695,CHI,"Grady Jarrett",DL,17,,5,-1.5%,0%,29.8,51,43,59.7,-27.9
696,DEN,"Adam Trautman",TE,17,,12,1.9%,26%,17.7,25,24,65.9,-28
697,DET,"Alim McNeill",DL,17,,8,-5.4%,0%,32.6,43,43,58.7,-28
698,PIT,"Darnell Washington",TE,17,,5,3%,26%,20.4,21,26,64.3,-28.1
699,BAL,"Devontez Walker",WR,17,,7,1.2%,21%,26.1,16,45,150.5,-28.2
700,LAC,"Hassan Haskins",RB,17,,12,-3.4%,22%,8.9,8,13,48.4,-28.2
701,DEN,"Lucas Krull",TE,17,,12,1.9%,0%,19.5,7,29,65.5,-28.3
702,ATL,"Arnold Ebiketie",DL,17,,5,-2.4%,0%,29.5,35,42,61.1,-28.3
703,MIA,"Pharaoh Brown",TE,17,,12,2.4%,0%,15.9,14,29,62.7,-28.3
704,ARI,"DeeJay Dallas",RB,17,,8,4.7%,0%,9.1,9,12,48.6,-28.4
705,UNS,"D.J. Chark Jr.",WR,18,,18,-,55%,38.3,2,49,142.4,-28.4
706,KC,"Jake Briningstool",TE,17,,10,-8.1%,0%,9.6,,14,82.6,-28.4
707,NO,"Pete Werner",LB,17,,11,7.4%,0%,68.5,88,86,109.7,-28.4
708,HOU,"Tim Settle",DL,17,,6,-3.4%,0%,31.4,,42,58.5,-28.5
709,WAS,"Jer'Zhan Newton",DL,16,,12,5.7%,0%,31.8,36,42,59.4,-28.5
710,DET,"Brock Wright",TE,17,,8,2.9%,0%,17.7,33,23,56.8,-28.6
711,PHI,"Keilan Robinson",RB,16,,9,-2.8%,0%,7.8,7,11,50,-28.6
712,NYJ,"Jeremy Ruckert",TE,17,,9,5.1%,0%,18.7,21,23,65.6,-28.7
713,TEN,"Chimere Dike",WR,17,,10,1.2%,0%,42,37,53,105,-28.7
714,MIA,"Julian Hill",TE,17,,12,2.4%,0%,14.2,29,24,57.9,-28.8
715,ARI,"Zay Jones",WR,17,,8,0.9%,58%,38.1,31,45,112.2,-28.8
716,NO,"Tyler Shough",QB,12,,11,3.3%,0%,129.1,226,235,312.3,-28.8
717,CAR,"Hunter Renfrow",WR,17,,14,2%,29%,32.5,11,50,134.8,-28.8
718,JAC,"Darnell Savage",DB,17,,8,4.6%,0%,41.7,77,64,86.5,-28.9
719,LAR,"Darious Williams",DB,17,,8,-0.6%,0%,41.9,79,64,87,-28.9
720,NYJ,"Michael Carter II",DB,17,,9,6.5%,0%,41.8,,64,86.8,-28.9
721,CAR,"Nic Scourton",DL,17,,14,0.7%,0%,26.8,,36,71.4,-28.9
722,MIN,"Tai Felton",WR,17,,6,-0.6%,0%,38.1,38,48,114.2,-29
723,PHI,"Azeez Ojulari",DL,17,,9,-6.1%,0%,43.7,56,44,43.7,-29
724,NO,"Bryan Bresee",DL,17,,11,7.4%,0%,27.4,39,42,58.9,-29.1
725,JAC,"Johnny Mundt",TE,17,,8,3.7%,0%,22.2,16,26,52.2,-29.5
726,TEN,"Julius Chestnut",RB,17,,10,-0.4%,0%,6.6,11,8,41.4,-29.6
727,GB,"Karl Brooks",DL,17,,5,-4.4%,0%,22.4,39,32,79.9,-29.6
728,TB,"Tykee Smith",DB,17,,9,-2.2%,0%,37.9,,63,88.5,-29.6
729,NYG,"Daniel Bellinger",TE,17,,14,-5.9%,29%,15.1,20,19,66.1,-29.7
730,GB,"Devonte Wyatt",DL,17,,5,-4.4%,0%,27.6,,39,63.1,-29.7
731,GB,"Kenny Clark",DL,17,,5,-4.4%,0%,29.1,65,39,60.1,-29.8
732,PIT,"Jalen Ramsey",DB,17,,5,3.5%,0%,41.1,94,63,85.4,-29.8
733,UNS,"Treylon Burks",WR,16,,18,-,59%,34.3,6,49,127.8,-30
734,UNS,"Tyler Boyd",WR,17,,18,-,31%,45.2,23,53,101.1,-30
735,PHI,"Montrell Johnson Jr.",RB,17,,9,-2.8%,0%,6.4,,8,32,-30.1
736,ATL,"Joshua Simon",TE,17,,5,5.4%,0%,10.2,,14,68,-30.1
737,LAR,"Chris Paul Jr.",LB,17,,8,-0.6%,0%,55.1,,79,125.9,-30.1
738,HOU,"Luke Lachey",TE,17,,6,2.3%,0%,11.6,7,16,74.5,-30.3
739,DEN,"Caleb Lohner",TE,17,,12,1.9%,0%,10.4,15,16,69.8,-30.4
740,PIT,"Robert Woods",WR,17,,5,1.9%,59%,31.7,28,45,120.1,-30.4
741,NYJ,"Arian Smith",WR,17,,9,3%,0%,29.1,21,42,129.1,-30.5
742,JAC,"Arik Armstead",DL,17,,8,4.6%,0%,25.9,58,32,74.3,-30.6
743,BAL,"Charlie Kolar",TE,17,,7,4.6%,17%,13.6,12,19,64,-30.7
744,KC,"Tyquan Thornton",WR,17,,10,0.6%,21%,21.6,4,29,169.8,-30.7
745,CIN,"Jermaine Burton",WR,17,,10,0.4%,54%,19.6,32,38,133.9,-30.8
746,NE,"Kendrick Bourne",WR,17,,14,1.1%,29%,48.8,17,56,89.7,-30.8
747,PHI,"Kylen Granson",TE,17,,9,-4.5%,20%,15.5,4,19,66.8,-30.9
748,NYJ,"Harrison Phillips",DL,17,,9,6.5%,0%,29.2,70,36,60.5,-31
749,IND,"Jelani Woods",TE,17,,11,0.4%,78%,8.4,23,19,53.2,-31.2
750,PHI,"Jahan Dotson",WR,17,,9,1.1%,48%,22.9,37,33,134.3,-31.2
751,ATL,"Mike Hughes",DB,17,,5,-2.4%,20%,41.1,45,63,79.1,-31.2
752,SF,"Skyy Moore",WR,17,,14,1.1%,84%,30.6,12,38,137.6,-31.3
753,NYJ,"Allen Lazard",WR,17,,9,3%,29%,30.6,58,47,87,-31.4
754,GB,"Savion Williams",WR,17,,5,-0.7%,0%,34.3,15,43,119.9,-31.4
755,BAL,"Jaire Alexander",DB,17,,7,4.4%,0%,40.7,69,51,101.8,-31.4
756,NYG,"Eric Gray",RB,17,,14,-4.6%,0%,4.5,5,6,26.9,-31.5
757,LAR,"Davis Allen",TE,17,,8,-0.7%,0%,14.9,4,18,59.6,-31.5
758,BAL,"Nate Wiggins",DB,17,,7,4.4%,0%,39.6,47,61,82.2,-31.5
759,DAL,"Marshawn Kneeland",DL,17,,10,-11%,0%,22.6,46,32,72.7,-31.5
760,TEN,"Roger McCreary",DB,17,,10,10%,0%,39.9,82,61,82.8,-31.5
761,LAR,"Colby Parkinson",TE,17,,8,-0.7%,0%,15.8,17,19,48.3,-31.6
762,LAC,"Bud Dupree",DL,17,,12,11.4%,30%,41,,41,41,-31.6
763,TB,"Devin Culp",TE,17,,9,-2.6%,0%,10,12,17,58.3,-31.7
764,ATL,"David Onyemata",DL,17,,5,-2.4%,0%,29,61,39,52.1,-31.7
765,LVR,"Dylan Laube",RB,17,,8,-1.8%,17%,5.5,4,10,13.1,-31.8
766,NYJ,"Donovan Edwards",RB,17,,9,5%,0%,9.4,,9,9.4,-31.8
767,CIN,"Tanner McLachlan",TE,17,,10,0.5%,0%,13.2,15,16,55.2,-32.2
768,ARI,"Tip Reiman",TE,17,,8,4.9%,0%,10.8,8,14,57.8,-32.3
769,IND,"Andrew Ogletree",TE,17,,11,0.4%,0%,9.1,22,13,55.9,-32.3
770,TB,"Payne Durham",TE,17,,9,-2.6%,0%,7.6,22,13,55.8,-32.3
771,KC,"Ashton Gillotte",DL,17,,10,-9.1%,0%,23.1,,33,66,-32.3
772,KC,"Jared Wiley",TE,17,,10,-8.1%,0%,8.3,8,14,61.9,-32.4
773,UNS,"Nelson Agholor",WR,17,,18,-,42%,43.1,3,51,96.3,-32.5
774,BUF,"Jackson Hawes",TE,17,,7,4.6%,0%,11.3,10,14,56.3,-32.8
775,SEA,"Robbie Ouzts",TE,17,,8,4.7%,0%,8.1,64,10,30.2,-32.8
776,ATL,"Charlie Woerner",TE,17,,5,5.4%,0%,9.6,16,16,48.2,-32.9
777,NYJ,"Jermaine Johnson",DL,17,,9,6.5%,0%,15.1,83,30,75.7,-32.9
778,TEN,"Dre'mont Jones",DL,17,,10,10%,0%,24.2,50,30,69.6,-32.9
779,WAS,"John Bates",TE,17,,12,-6.2%,0%,13.2,9,18,44.2,-33
780,IND,"Mo Alie-Cox",TE,17,,11,0.4%,24%,25,6,25,25,-33.1
781,HOU,"Dare Ogunbowale",RB,1,,6,2.3%,0%,2.9,16,3,2.9,-33.1
782,ATL,"Jalon Walker",LB,17,,5,-2.4%,0%,59.3,,77,115.5,-33.2
783,LVR,"Tyree Wilson",DL,17,,8,10.4%,0%,25.4,45,36,54.4,-33.4
784,LAC,"Donte Jackson",DB,17,,12,11.4%,0%,29,71,58,87,-33.4
785,WAS,"Marshon Lattimore",DB,17,,12,5.7%,0%,28.8,64,58,86.4,-33.4
786,DAL,"Brevyn Spann-Ford",TE,17,,10,-6.4%,0%,10.1,14,13,47.8,-33.5
787,NYG,"Thomas Fidone II",TE,17,,14,-5.9%,0%,7.4,22,10,49.6,-33.7
788,HOU,"Denico Autry",DL,17,,6,-3.4%,0%,24.9,46,36,51.5,-33.9
789,IND,"Will Mallory",TE,17,,11,0.4%,0%,8.7,5,12,55.7,-34
790,KC,"Jaylen Watson",DB,17,,10,-9.1%,0%,37.6,,58,78,-34.1
791,HOU,"Calen Bullock",DB,17,,6,-3.4%,0%,37.5,,58,77.8,-34.1
792,PIT,"Nick Herbig",DL,16,,5,3.5%,0%,25,35,31,76.6,-34.2
793,MIA,"Jaelan Phillips",DL,17,,12,-7.1%,0%,12.9,51,26,77.5,-34.4
794,TB,"Sterling Shepard",WR,17,,9,0.7%,0%,32.2,15,40,100.6,-34.5
795,DEN,"Nate Adkins",TE,17,,12,1.9%,0%,10.2,8,15,37.9,-34.6
796,ARI,"Jordan Burch",DL,17,,8,8.2%,0%,20.4,,31,62.9,-34.7
797,SF,"Jacob Cowing",WR,17,,14,1.1%,0%,21.1,4,32,130,-34.8
798,UNS,"Jaheim Bell",TE,17,,18,-,0%,7.6,11,10,46.4,-34.9
799,KC,"Felix Anudike-Uzomah",DL,17,,10,-9.1%,0%,16.5,26,33,59.4,-34.9
800,NO,"Moliki Matavao",TE,17,,11,0.7%,0%,7.3,20,10,41.8,-34.9
801,CIN,"T.J. Slaton",DL,17,,10,-11.8%,0%,26.9,,36,46.6,-34.9
802,MIA,"Kenneth Grant",DL,17,,12,-7.1%,0%,24.1,,30,60.1,-35
803,NYG,"Jalin Hyatt",WR,17,,14,-2.7%,45%,19.7,27,30,111.9,-35.5
804,MIN,"Gavin Bartholomew",TE,17,,6,-5.3%,0%,7.7,14,10,36.1,-35.8
805,MIA,"Kader Kohou",DB,17,,12,-7.1%,0%,35.2,54,53,81.4,-35.8
806,ARI,"Mack Wilson",LB,17,,8,8.2%,0%,65.2,57,93,135,-36
807,TEN,"Xavier Restrepo",WR,17,,10,1.2%,0%,20.4,22,28,113.3,-36.2
808,CAR,"Princely Umanmielen",DL,17,,14,0.7%,0%,13.3,,27,66.3,-36.3
809,PIT,"Connor Heyward",TE,17,,5,3%,0%,6.4,20,9,29.9,-36.4
810,ATL,"Bralen Trice",DL,17,,5,-2.4%,0%,17,,34,51,-36.4
811,LAC,"Derius Davis",WR,17,,12,-0.8%,0%,25.9,9,37,94.4,-36.6
812,NO,"Mason Tipton",WR,17,,11,-1%,0%,25.3,19,36,90.4,-36.7
813,NYG,"Jaxson Dart",QB,4,,14,-5.4%,0%,33.3,67,67,109.3,-36.7
814,SF,"Jordan Watkins",WR,17,,14,1.1%,0%,19.2,5,27,123.2,-36.7
815,CHI,"Durham Smythe",TE,17,,5,-1%,21%,8,8,11,28.5,-36.8
816,CLE,"Dalvin Tomlinson",DL,17,,9,-7.3%,0%,24.9,,31,49.7,-36.9
817,PHI,"Jakorian Bennett",DB,16,,9,-6.1%,0%,39.5,69,56,84.6,-37.1
818,CIN,"Myles Murphy",DL,17,,10,-11.8%,0%,18.6,27,23,69.9,-37.1
819,DET,"Josh Paschal",DL,17,,8,-5.4%,0%,24.9,,31,48.3,-37.3
820,LAC,"Junior Colson",LB,17,,12,11.4%,0%,60,58,71,110.8,-37.5
821,PIT,"Keeanu Benton",DL,16,,5,3.5%,0%,27.6,44,37,47.9,-37.5
822,NE,"Javon Baker",WR,17,,14,1.1%,0%,16.7,,28,86.3,-37.7
823,NYJ,"Malachi Corley",WR,17,,9,3%,25%,22.9,19,31,90.2,-37.7
824,CLE,"Michael Hall Jr.",DL,17,,9,-7.3%,0%,22.9,,33,42.5,-37.8
825,BUF,"Michael Hoecht",DL,10,,7,9%,0%,28.2,81,56,81.3,-37.8
826,PHI,"John Metchie",WR,17,,9,1.1%,29%,15.6,10,24,113.5,-38
827,CIN,"DJ Turner II",DB,17,,10,-11.8%,0%,35.6,,51,76.2,-38
828,SEA,"Ricky White",WR,17,,8,1.5%,0%,19.8,,25,86.8,-38.1
829,TB,"Tez Johnson",WR,17,,9,0.7%,0%,21.1,6,30,99.7,-38.2
830,PHI,"Nakobe Dean",LB,17,,9,-6.1%,0%,24.4,54,81,110.5,-38.4
831,CLE,"Greg Newsome",DB,17,,9,-7.3%,0%,39.3,4,49,76.2,-38.5
832,LAR,"Nathan Landman",LB,17,,8,-0.6%,0%,77.9,52,78,77.9,-39
833,NYJ,"Micheal Clemons",DL,17,,9,6.5%,0%,23.8,,30,40.2,-39.7
834,SF,"Bryce Huff",DL,17,,14,15.5%,0%,17,56,23,56.6,-40
835,KC,"Elijhah Badger",WR,17,,10,0.6%,0%,12.4,15,18,88.8,-40.2
836,SEA,"Coby Bryant",DB,17,,8,-0.5%,0%,29.8,19,43,85.3,-40.3
837,DET,"D.J. Reader",DL,17,,8,-5.4%,0%,19.3,39,30,40.2,-40.4
838,LAC,"Da'Shawn Hand",DL,17,,12,11.4%,0%,19.4,,30,40.3,-40.4
839,HOU,"Justin Watson",WR,17,,6,0.3%,29%,19.2,6,24,91.2,-40.5
840,ATL,"Ruke Orhorhoro",DL,17,,5,-2.4%,0%,14.3,20,29,42.9,-40.9
841,NE,"Jahlani Tavai",LB,17,,14,6.7%,0%,60.5,111,71,96.2,-41
842,BUF,"Landon Jackson",DL,16,,7,9%,0%,12.5,,25,67.7,-41
843,GB,"Mecole Hardman",WR,17,,5,-0.7%,86%,21,4,26,82.6,-41.1
844,DAL,"Donovan Ezeiruaku",LB,17,,10,-11%,0%,49.9,,66,111.6,-41.1
845,CLE,"David Bell",WR,17,,9,-2.2%,0%,16.9,16,26,71.4,-41.7
846,PIT,"Jack Sawyer",DL,16,,5,3.5%,0%,12.8,,26,64,-42.1
847,ARI,"Starling Thomas V",DB,17,,8,8.2%,0%,37.3,,47,62.9,-42.4
848,CLE,"Joe Flacco",QB,6,,9,-5.1%,15%,30.1,121,86,122,-42.5
849,SEA,"Jake Bobo",WR,17,,8,1.5%,0%,18,12,26,64.3,-42.6
850,CIN,"Shemar Stewart",DL,17,,10,-11.8%,0%,0,,17,52,-42.7
851,BUF,"Larry Ogunjobi",DL,10,,7,9%,0%,36.2,71,48,86.8,-42.8
852,TB,"Rakim Jarrett",WR,17,,9,0.7%,0%,10.7,0,16,71.8,-43.2
853,TB,"Sirvocea Dennis",LB,17,,9,-2.2%,0%,52.8,42,70,95.1,-43.2
854,GB,"Bo Melton",WR,17,,5,-0.7%,25%,12.1,14,17,78.9,-43.5
855,CAR,"Jimmy Horn Jr.",WR,17,,14,2%,0%,16,4,21,74.6,-43.5
856,UNS,"Ogbonnia Okoronkwo",DL,16,,18,-,0%,16.1,,21,64.4,-43.8
857,PHI,"Ainias Smith",WR,17,,9,1.1%,0%,9.4,2,12,82.4,-44.9
858,NO,"Cameron Jordan",DL,17,,11,7.4%,0%,11.9,62,24,38.1,-44.9
859,CHI,"Devin Duvernay",WR,17,,5,0.5%,12%,16.6,5,21,58,-45
860,BUF,"Kaden Prather",WR,17,,7,1.1%,0%,9.6,,14,61.9,-45
861,NO,"Cedrick Wilson",WR,17,,11,-1%,0%,16.1,9,23,50.7,-45.2
862,CAR,"Kobe Hudson",WR,17,,14,2%,0%,11,,15,57.4,-45.2
863,IND,"Ashton Dulin",WR,17,,11,-0.9%,0%,12.7,4,16,68.5,-45.3
864,ATL,"KhaDarel Hodge",WR,17,,5,1.4%,0%,24.6,31,25,24.6,-45.3
865,TB,"Ryan Miller",WR,17,,9,0.7%,0%,8.6,0,14,61.4,-45.4
866,ATL,"Zach Harrison",DL,17,,5,-2.4%,0%,11.7,65,23,38.7,-45.6
867,ATL,"Nick Nash",WR,17,,5,1.4%,0%,10.2,5,15,64.1,-45.9
868,GB,"Malik Heath",WR,17,,5,-0.7%,0%,10.5,7,16,62.8,-46
869,TB,"Trey Palmer",WR,17,,9,0.7%,21%,9.6,7,15,64.9,-46.2
870,ATL,"Casey Washington",WR,17,,5,1.4%,0%,9.7,17,15,53.9,-46.4
871,IND,"Julius Brents",DB,17,,11,9.6%,0%,26.2,97,37,74.8,-46.4
872,DET,"Dominic Lovett",WR,17,,8,1%,0%,9.9,,14,52.1,-46.4
873,NYJ,"Xavier Gipson",WR,17,,9,3%,0%,13.2,9,16,54.3,-46.7
874,HOU,"Henry To'oto'o",LB,17,,6,-3.4%,0%,46.9,4,59,105.6,-46.7
875,LVR,"DJ Turner",WR,17,,8,-0.8%,0%,13.3,5,19,47.6,-46.9
876,SF,"Dee Winters",LB,17,,14,15.5%,0%,45.4,,65,94,-47
877,CLE,"Michael Woods II",WR,17,,9,-2.2%,0%,10,4,14,55.7,-47.5
878,DET,"Derrick Barnes",LB,17,,8,-5.4%,0%,51.7,60,62,92.4,-47.7
879,TEN,"Jha'Quan Jackson",WR,17,,10,1.2%,0%,8.3,13,10,57.2,-47.8
880,BAL,"Kyle Van Noy",LB,17,,7,4.4%,22%,47,,62,95.9,-47.8
881,DAL,"Jalen Brooks",WR,17,,10,-3.2%,0%,11.3,6,16,43.6,-48.1
882,NYG,"Antwane Wells Jr.",WR,17,,14,-2.7%,0%,7.2,,11,42.9,-48.4
883,DAL,"Ryan Flournoy",WR,17,,10,-3.2%,0%,9.9,4,16,42.9,-48.5
884,HOU,"Xavier Hutchinson",WR,17,,6,0.3%,0%,9.7,10,16,38.1,-48.5
885,TEN,"Bryce Oliver",WR,17,,10,1.2%,0%,7,5,11,49.3,-48.7
886,LAR,"Konata Mumpfield",WR,17,,8,0.4%,0%,7.8,13,11,44.8,-48.8
887,BAL,"LaJohntay Wester",WR,17,,7,1.2%,0%,8.7,2,12,49.9,-48.9
888,CAR,"Christian Rozeboom",LB,17,,14,0.7%,0%,67,100,67,67,-49.2
889,CHI,"Tyler Scott",WR,17,,5,0.5%,0%,10.5,4,13,39.4,-49.4
890,BAL,"Ar'Darius Washington",DB,17,,7,4.4%,0%,17.5,,35,70,-49.4
891,NO,"Kevin Austin Jr.",WR,17,,11,-1%,0%,10.6,3,15,34.8,-49.5
892,IND,"Anthony Gould",WR,17,,11,-0.9%,0%,8.3,3,10,46.8,-49.6
893,CIN,"Charlie Jones",WR,17,,10,0.4%,0%,13.1,4,18,23.6,-49.7
894,PHI,"Jordan Davis",DL,17,,9,-6.1%,0%,12.9,49,14,35.7,-50.4
895,NO,"Spencer Rattler",QB,5,,11,3.3%,6%,11,61,73,102.5,-50.9
896,CLE,"Dillon Gabriel",QB,4,,9,-5.1%,0%,11.7,39,58,86.3,-51
897,IND,"Cameron McGrone",LB,17,,11,9.6%,0%,65.4,,65,65.4,-51.1
898,CLE,"Shedeur Sanders",QB,4,,9,-5.1%,0%,12.3,38,59,85.2,-51.5
899,BUF,"Dorian Williams",LB,16,,7,9%,0%,43.5,87,58,90,-52
900,HOU,"Braxton Berrios",WR,17,,6,0.3%,0%,13,2,13,13,-52.2
901,CLE,"Kenny Pickett",QB,3,,9,-5.1%,42%,40.5,27,40,40.5,-52.7
902,NE,"Marte Mapu",LB,17,,14,6.7%,0%,41.9,,60,80.8,-53.5
903,DAL,"Marist Liufau",LB,17,,10,-11%,0%,35.5,12,55,87.4,-55.3
904,TB,"Anthony Walker",LB,17,,9,-2.2%,0%,32,45,53,93.2,-55.7
905,DAL,"DeMarvion Overshown",LB,17,,10,-11%,0%,0,63,44,88.8,-57
906,LVR,"Devin White",LB,17,,8,10.4%,0%,27.6,108,55,77.2,-59.5
907,BAL,"Teddye Buchanan",LB,17,,7,4.4%,0%,22.3,,45,98.1,-59.8
908,LAC,"Troy Dye",LB,17,,12,11.4%,0%,28.2,,51,79.4,-60.9
909,BAL,"Trenton Simpson",LB,17,,7,4.4%,0%,26.6,77,53,71.9,-62
910,ATL,"Troy Andersen",LB,17,,5,-2.4%,30%,22.6,142,45,90.4,-62.1
911,SF,"Nick Martin",LB,17,,14,15.5%,0%,19.9,,40,99.4,-62.5
912,ARI,"Cody Simon",LB,17,,8,8.2%,0%,13.1,,26,65.3,-62.5
913,IND,"Jaylon Carlies",DB,17,,11,9.6%,0%,11.5,,23,40.3,-62.5
914,NO,"Danny Stutsman",LB,17,,11,7.4%,0%,0,,39,78.4,-63.2
915,WAS,"Von Miller",DL,2,,12,5.7%,17%,0,68,3,3.5,-64.4
916,PIT,"Cole Holcomb",LB,16,,5,3.5%,0%,21.3,59,43,68.3,-68.6
917,CLE,"Jeremiah Owusu-Koramoah",LB,17,,9,-7.3%,30%,43.9,127,44,43.9,-70.6
918,HOU,"E.J. Speed",LB,17,,6,-3.4%,0%,0,131,33,66.3,-70.6
919,UNS,"Josey Jewell",LB,16,,18,-,41%,33.6,127,42,53.8,-70.9
920,PIT,"Malik Harrison",LB,16,,5,3.5%,0%,18.9,,38,60.3,-73.6
921,ARI,"BJ Ojulari",LB,17,,8,8.2%,0%,18.1,,36,56,-76.1
922,TB,"David Walker",LB,17,,9,-2.2%,0%,15.9,,32,54,-78.8
923,BAL,"Tavius Robinson",LB,17,,7,4.4%,0%,14.3,,29,57.3,-79.7
924,DEN,"Justin Strnad",LB,17,,12,7.7%,0%,16.9,,34,45.5,-79.8
925,TEN,"Oluwafemi Oladejo",LB,17,,10,10%,0%,15.8,,32,47.4,-80.4
926,CIN,"Barrett Carter",LB,17,,10,-11.8%,0%,0,,24,47.9,-81.8
927,ATL,"JD Bertrand",LB,17,,5,-2.4%,0%,0,20,20,39.8,-86.7
928,LAR,"Troy Reeder",LB,17,,8,-0.6%,0%,4.9,93,10,14.6,-101.8
929,CAR,"Ryan Fitzgerald",K,16,,14,5.8%,0%,25.8,,37,84.6,-102.9
930,NE,"John Parker Romo",K,16,,14,3.7%,0%,37,30,37,37,-116.5
931,ATL,"Kirk Cousins",QB,16,,5,3.3%,17%,19.8,24,25,177.8,-116.8
932,SEA,"Jalen Milroe",QB,1,,8,4%,0%,14.5,24,18,108.8,-127.2
933,CAR,"Matthew Wright",K,17,,14,5.8%,0%,5.4,116,8,20.8,-127.7
934,UNS,"Greg Zuerlein",K,1,,18,-,0%,0.3,33,0,0.3,-128.7
935,UNS,"Anders Carlson",K,1,,18,-,0%,0.3,33,0,0.3,-128.7
936,NYG,"Jameis Winston",QB,1,,14,-5.4%,29%,12.3,16,15,107.5,-129
937,CLE,"Deshaun Watson",QB,2,,9,-5.1%,21%,0,13,30,38,-132.3
938,UNS,"Justin Tucker",K,1,,18,-,0%,0.3,31,0,0.3,-133.9
939,NYJ,"Harrison Mevis",K,1,,9,5%,0%,2.1,30,2,2.1,-138
940,PIT,"Ben Sauls",K,3,,5,-4%,0%,6.7,,7,6.7,-152.4
